sid,search,"splunk_server","_time","is_realtime",provenance,"event_count","exec_time","result_count","scan_count",status,"total_run_time","api_et","api_lt","search_et","search_lt","api_index_et","api_index_lt","savedsearch_name","__mv_sid","__mv_search","__mv_splunk_server","__mv__time","__mv_is_realtime","__mv_provenance","__mv_event_count","__mv_exec_time","__mv_result_count","__mv_scan_count","__mv_status","__mv_total_run_time","__mv_api_et","__mv_api_lt","__mv_search_et","__mv_search_lt","__mv_api_index_et","__mv_api_index_lt","__mv_savedsearch_name"
"rt_md_1707195556.19","| metadata type=sourcetypes | search totalCount > 0","GOEL-SearchHead","1707195557.000080",1,"UI:Search",0,1707195557,0,0,failed,"70.058",,,,,,,,,,,,,,,,,,,,,,,,,,
"rt_md_1707195737.22","| metadata type=sourcetypes | search totalCount > 0","GOEL-SearchHead","1707195737.090902",1,"UI:Search",0,1707195737,0,0,canceled,"13.058",,,,,,,,,,,,,,,,,,,,,,,,,,
"1707195750.25","search index=_internal","GOEL-SearchHead","1707195750.371057",0,"UI:Search",60467,1707195750,1000,60467,completed,"1.444","1707109200.000000000","1707195750.000000000","1707109200.000000000","1707195750.000000000",,,,,,,,,,,,,,,,,,,,,,
"1707197116.27","search index=_internal","GOEL-SearchHead","1707197116.023480",0,"UI:Search",594,1707197116,0,594,failed,"72.968","1707109200.000000000","1707197116.000000000","1707109200.000000000","1707197116.000000000",,,,,,,,,,,,,,,,,,,,,,
"1707197126.28","search index=_internal","GOEL-SearchHead","1707197126.850251",0,"UI:Search",25473,1707197126,1000,25473,completed,"2.681","1707196226.000000000","1707197126.000000000","1707196226.000000000","1707197126.000000000",,,,,,,,,,,,,,,,,,,,,,
"1707197319.29","search index=_internal","GOEL-SearchHead","1707197319.953843",0,"UI:Search",26178,1707197320,1903,26178,completed,"12.164","1707196419.000000000","1707197319.000000000","1707196419.000000000","1707197319.000000000",,,,,,,,,,,,,,,,,,,,,,
"1707197359.30","search index=_internal","GOEL-SearchHead","1707197359.167566",0,"UI:Search",28506,1707197359,1681,28506,completed,"1.524","1707196459.000000000","1707197359.000000000","1707196459.000000000","1707197359.000000000",,,,,,,,,,,,,,,,,,,,,,
"1707197374.31","search index=_internal splunk_server=""GOEL-SearchHead""","GOEL-SearchHead","1707197374.538656",0,"UI:Search",6738,1707197374,6738,6738,completed,"0.672","1707196474.000000000","1707197374.000000000","1707196474.000000000","1707197374.000000000",,,,,,,,,,,,,,,,,,,,,,
"1707197517.3","search index=_internal splunk_server=""GOEL-SearchHead""","GOEL-SearchHead","1707197517.949348",0,"UI:Search",8367,1707197518,1456,8367,completed,"0.9450000000000001","1707196617.000000000","1707197517.000000000","1707196617.000000000","1707197517.000000000",,,,,,,,,,,,,,,,,,,,,,
"1707197527.4","search index=_internal","GOEL-SearchHead","1707197527.965321",0,"UI:Search",30064,1707197527,1110,30064,completed,"1.736","1707196627.000000000","1707197527.000000000","1707196627.000000000","1707197527.000000000",,,,,,,,,,,,,,,,,,,,,,
"1707199647.7","search index=_internal","GOEL-SearchHead","1707199647.810384",0,"UI:Search",32119,1707199647,1960,32119,completed,"1.982","1707198747.000000000","1707199647.000000000","1707198747.000000000","1707199647.000000000",,,,,,,,,,,,,,,,,,,,,,
"1707201389.11","search index=_internal","GOEL-SearchHead","1707201389.565873",0,"UI:Search",69848,1707201389,1741,69848,completed,"2.055","1707200489.000000000","1707201389.000000000","1707200489.000000000","1707201389.000000000",,,,,,,,,,,,,,,,,,,,,,
"1707201396.12","search index=_internal log_level=ERROR","GOEL-SearchHead","1707201396.415847",0,"UI:Search",11,1707201396,11,50,completed,"0.17500000000000002","1707200496.000000000","1707201396.000000000","1707200496.000000000","1707201396.000000000",,,,,,,,,,,,,,,,,,,,,,
"1707201415.13","search index=_internal log_level=ERROR","GOEL-SearchHead","1707201415.374356",0,"UI:Search",53,1707201415,53,146,completed,"0.34700000000000003","1707197760.000000000","1707201415.000000000","1707197760.000000000","1707201415.000000000",,,,,,,,,,,,,,,,,,,,,,
"1707204220.23","search index=_internal log_level=ERROR","GOEL-SearchHead","1707204220.575771",0,"UI:Search",19,1707204220,19,193,completed,"0.737","1707200580.000000000","1707204220.000000000","1707200580.000000000","1707204220.000000000",,,,,,,,,,,,,,,,,,,,,,
"1707204743.2","search index=_internal log_level=ERROR","GOEL-SearchHead","1707204743.324022",0,"UI:Search",13,1707204743,13,129,completed,"0.395","1707201120.000000000","1707204743.000000000","1707201120.000000000","1707204743.000000000",,,,,,,,,,,,,,,,,,,,,,
"1707204771.4","search index=_internal log_level=ERROR host=""GOEL-Indexer3""","GOEL-SearchHead","1707204771.334908",0,"UI:Search",2,1707204771,2,34,completed,"0.138","1707201120.000000000","1707204771.000000000","1707201120.000000000","1707204771.000000000",,,,,,,,,,,,,,,,,,,,,,
"1707204775.5","search index=_internal  host=""GOEL-Indexer3""","GOEL-SearchHead","1707204775.859567",0,"UI:Search",28472,1707204775,27201,28472,completed,"2.798","1707201120.000000000","1707204775.000000000","1707201120.000000000","1707204775.000000000",,,,,,,,,,,,,,,,,,,,,,
"1707204783.6","search index=_internal  host=""GOEL-Indexer3""","GOEL-SearchHead","1707204783.798651",0,"UI:Search",27648,1707204783,27323,27648,completed,"2.645","1707201180.000000000","1707204783.000000000","1707201180.000000000","1707204783.000000000",,,,,,,,,,,,,,,,,,,,,,
"1707204788.7","search index=_internal  host=""GOEL-Indexer3""","GOEL-SearchHead","1707204788.241926",0,"UI:Search",27876,1707204788,27551,27876,completed,"5.523","1707201180.000000000","1707204788.000000000","1707201180.000000000","1707204788.000000000",,,,,,,,,,,,,,,,,,,,,,
"1707204985.8","search index=_internal  host=""GOEL-Indexer3""","GOEL-SearchHead","1707204985.588437",0,"UI:Search",27139,1707204985,26912,27139,completed,"3.028","1707201360.000000000","1707204985.000000000","1707201360.000000000","1707204985.000000000",,,,,,,,,,,,,,,,,,,,,,
"1707204998.9","search index=_internal","GOEL-SearchHead","1707204998.589181",0,"UI:Search",109655,1707204998,1000,109655,completed,"4.565","1707201360.000000000","1707204998.000000000","1707201360.000000000","1707204998.000000000",,,,,,,,,,,,,,,,,,,,,,
"1707205056.10","search index=_internal","GOEL-SearchHead","1707205056.439101",0,"UI:Search",109830,1707205056,1977,109830,completed,"4.458","1707201420.000000000","1707205056.000000000","1707201420.000000000","1707205056.000000000",,,,,,,,,,,,,,,,,,,,,,
"1707207797.18","search index=_internal","GOEL-SearchHead","1707207797.071325",0,"UI:Search",111360,1707207797,1546,111360,completed,"4.803","1707204180.000000000","1707207797.000000000","1707204180.000000000","1707207797.000000000",,,,,,,,,,,,,,,,,,,,,,
"1707207844.19","search index=_internal","GOEL-SearchHead","1707207844.175989",0,"UI:Search",113345,1707207844,1207,113345,completed,"5.195","1707204240.000000000","1707207844.000000000","1707204240.000000000","1707207844.000000000",,,,,,,,,,,,,,,,,,,,,,
"1707207852.20","search index=_internal host=""GOEL-DS-LM-MC""","GOEL-SearchHead","1707207852.598025",0,"UI:Search",2047,1707207852,1009,2047,completed,"0.31","1707204240.000000000","1707207852.000000000","1707204240.000000000","1707207852.000000000",,,,,,,,,,,,,,,,,,,,,,
"1707207859.24","search index=_internal host=""GOEL-DS-LM-MC"" phonehome","GOEL-SearchHead","1707207859.144527",0,"UI:Search",4,1707207859,4,6,completed,"0.146","1707204240.000000000","1707207859.000000000","1707204240.000000000","1707207859.000000000",,,,,,,,,,,,,,,,,,,,,,
"1707207892.25","search index=_internal host=""GOEL-DS-LM-MC"" phonehome","GOEL-SearchHead","1707207892.581150",0,"UI:Search",5,1707207892,5,8,completed,"0.109","1707204240.000000000","1707207892.000000000","1707204240.000000000","1707207892.000000000",,,,,,,,,,,,,,,,,,,,,,
"1707207895.26","search index=_internal host=""GOEL-DS-LM-MC"" phonehome","GOEL-SearchHead","1707207895.919756",0,"UI:Search",5,1707207895,5,8,completed,"0.111","1707204240.000000000","1707207895.000000000","1707204240.000000000","1707207895.000000000",,,,,,,,,,,,,,,,,,,,,,
"1707207915.27","search index=_internal host=""GOEL-DS-LM-MC""","GOEL-SearchHead","1707207915.932335",0,"UI:Search",2529,1707207916,1491,2529,completed,"0.8","1707204300.000000000","1707207915.000000000","1707204300.000000000","1707207915.000000000",,,,,,,,,,,,,,,,,,,,,,
"1707208157.28","search index=_internal host=""GOEL-DS-LM-MC""","GOEL-SearchHead","1707208157.419120",0,"UI:Search",4356,1707208157,3318,4356,completed,"0.9500000000000001","1707204540.000000000","1707208157.000000000","1707204540.000000000","1707208157.000000000",,,,,,,,,,,,,,,,,,,,,,
"1707208173.31","search index=_internal host=""GOEL-DS-LM-MC"" action=*","GOEL-SearchHead","1707208173.119623",0,"UI:Search",1,1707208173,1,4404,completed,"0.164","1707204540.000000000","1707208173.000000000","1707204540.000000000","1707208173.000000000",,,,,,,,,,,,,,,,,,,,,,
"1707208186.32","search index=_internal host=""GOEL-DS-LM-MC"" action=*","GOEL-SearchHead","1707208186.490018",0,"UI:Search",1,1707208186,1,4587,completed,"0.334","1707204540.000000000","1707208186.000000000","1707204540.000000000","1707208186.000000000",,,,,,,,,,,,,,,,,,,,,,
"1707208190.33","search index=_internal host=""GOEL-DS-LM-MC"" action=*","GOEL-SearchHead","1707208190.747547",0,"UI:Search",1,1707208190,1,4610,completed,"0.295","1707204540.000000000","1707208190.000000000","1707204540.000000000","1707208190.000000000",,,,,,,,,,,,,,,,,,,,,,
"1707208198.37","search index=_internal host=""GOEL-DS-LM-MC"" 10.0.3.6","GOEL-SearchHead","1707208198.305540",0,"UI:Search",0,1707208198,0,190,completed,"0.14300000000000002","1707204540.000000000","1707208198.000000000","1707204540.000000000","1707208198.000000000",,,,,,,,,,,,,,,,,,,,,,
"1707208213.39","search index=_internal host=""GOEL-DS-LM-MC"" 10.0.3.5","GOEL-SearchHead","1707208213.555148",0,"UI:Search",0,1707208213,0,133,completed,"0.12","1707204600.000000000","1707208213.000000000","1707204600.000000000","1707208213.000000000",,,,,,,,,,,,,,,,,,,,,,
"1707208217.40","search index=_internal host=""GOEL-DS-LM-MC""","GOEL-SearchHead","1707208217.581095",0,"UI:Search",4807,1707208217,3769,4807,completed,"0.494","1707204600.000000000","1707208217.000000000","1707204600.000000000","1707208217.000000000",,,,,,,,,,,,,,,,,,,,,,
"1707208251.41","search index=_internal host=""GOEL-DS-LM-MC"" phonehome","GOEL-SearchHead","1707208251.468580",0,"UI:Search",20,1707208251,20,63,completed,"0.267","1707204600.000000000","1707208251.000000000","1707204600.000000000","1707208251.000000000",,,,,,,,,,,,,,,,,,,,,,
"1707208309.42","search index=_internal host=""GOEL-DS-LM-MC"" phonehome","GOEL-SearchHead","1707208309.867921",0,"UI:Search",24,1707208309,24,78,completed,"0.192","1707204660.000000000","1707208309.000000000","1707204660.000000000","1707208309.000000000",,,,,,,,,,,,,,,,,,,,,,
"1707208319.45","search index=_internal host=""GOEL-DS-LM-MC"" action=*","GOEL-SearchHead","1707208319.547483",0,"UI:Search",1,1707208319,1,5527,completed,"0.26","1707204660.000000000","1707208319.000000000","1707204660.000000000","1707208319.000000000",,,,,,,,,,,,,,,,,,,,,,
"1707208323.48","search index=_* host=""GOEL-DS-LM-MC"" action=*","GOEL-SearchHead","1707208323.850568",0,"UI:Search",111,1707208323,111,6211,completed,"0.47400000000000003","1707204720.000000000","1707208323.000000000","1707204720.000000000","1707208323.000000000",,,,,,,,,,,,,,,,,,,,,,
"1707208336.52","search index=_* host=""GOEL-DS-LM-MC"" install","GOEL-SearchHead","1707208336.648071",0,"UI:Search",6,1707208336,6,6,completed,"0.441","1707204720.000000000","1707208336.000000000","1707204720.000000000","1707208336.000000000",,,,,,,,,,,,,,,,,,,,,,
"1707208349.55","search index=_* host=""GOEL-DS-LM-MC"" download","GOEL-SearchHead","1707208349.104741",0,"UI:Search",0,1707208349,0,0,completed,"0.156","1707204720.000000000","1707208349.000000000","1707204720.000000000","1707208349.000000000",,,,,,,,,,,,,,,,,,,,,,
"1707208354.56","search index=_*  download","GOEL-SearchHead","1707208354.324578",0,"UI:Search",9,1707208354,9,9,completed,"0.198","1707204720.000000000","1707208354.000000000","1707204720.000000000","1707208354.000000000",,,,,,,,,,,,,,,,,,,,,,
"1707208609.57","search index=_*  download","GOEL-SearchHead","1707208609.626850",0,"UI:Search",23,1707208609,23,23,completed,"0.426","1707204960.000000000","1707208609.000000000","1707204960.000000000","1707208609.000000000",,,,,,,,,,,,,,,,,,,,,,
"1707208618.58","search index=_*","GOEL-SearchHead","1707208618.078378",0,"UI:Search",147058,1707208618,1000,147058,completed,"15.244","1707204960.000000000","1707208618.000000000","1707204960.000000000","1707208618.000000000",,,,,,,,,,,,,,,,,,,,,,
"1707208649.59","search index=_* index=_internal","GOEL-SearchHead","1707208649.220198",0,"UI:Search",83650,1707208649,0,83650,failed,"66.856","1707205020.000000000","1707208649.000000000","1707205020.000000000","1707208649.000000000",,,,,,,,,,,,,,,,,,,,,,
"1707209053.64","search index=_*","GOEL-SearchHead","1707209053.700641",0,"UI:Search",150344,1707209053,1682,150344,completed,"14.257","1707205440.000000000","1707209053.000000000","1707205440.000000000","1707209053.000000000",,,,,,,,,,,,,,,,,,,,,,
"1707209406.67","search index=_* UF1","GOEL-SearchHead","1707209406.463898",0,"UI:Search",21,1707209406,21,21,completed,"0.597","1707205800.000000000","1707209406.000000000","1707205800.000000000","1707209406.000000000",,,,,,,,,,,,,,,,,,,,,,
"1707209415.68","search index=_* UF1 host=""ip-10-0-3-6""","GOEL-SearchHead","1707209415.550411",0,"UI:Search",7,1707209415,7,7,completed,"0.13","1707205800.000000000","1707209415.000000000","1707205800.000000000","1707209415.000000000",,,,,,,,,,,,,,,,,,,,,,
"1707209426.69","search index=_* UF1 host=""GOEL-DS-LM-MC""","GOEL-SearchHead","1707209426.877063",0,"UI:Search",13,1707209426,13,19,completed,"0.17","1707205800.000000000","1707209426.000000000","1707205800.000000000","1707209426.000000000",,,,,,,,,,,,,,,,,,,,,,
"1707209683.72","search index=_* UF1 host=""GOEL-DS-LM-MC""","GOEL-SearchHead","1707209683.821613",0,"UI:Search",15,1707209683,15,41,completed,"0.518","1707206040.000000000","1707209683.000000000","1707206040.000000000","1707209683.000000000",,,,,,,,,,,,,,,,,,,,,,
"1707209692.73","search index=_*  host=""GOEL-DS-LM-MC""","GOEL-SearchHead","1707209692.883899",0,"UI:Search",19724,1707209692,1002,19724,completed,"2.519","1707206040.000000000","1707209692.000000000","1707206040.000000000","1707209692.000000000",,,,,,,,,,,,,,,,,,,,,,
"1707209699.74","search index=_*  host=""GOEL-DS-LM-MC""","GOEL-SearchHead","1707209699.279595",0,"UI:Search",19927,1707209699,1002,19927,completed,"2.6","1707206040.000000000","1707209699.000000000","1707206040.000000000","1707209699.000000000",,,,,,,,,,,,,,,,,,,,,,
"1707209703.75","search index=_*","GOEL-SearchHead","1707209703.441310",0,"UI:Search",161544,1707209703,1399,161544,completed,"10.727","1707206100.000000000","1707209703.000000000","1707206100.000000000","1707209703.000000000",,,,,,,,,,,,,,,,,,,,,,
"1707209782.76","search index=_*","GOEL-SearchHead","1707209782.901752",0,"UI:Search",164969,1707209782,1000,164969,completed,"10.338000000000001","1707206160.000000000","1707209782.000000000","1707206160.000000000","1707209782.000000000",,,,,,,,,,,,,,,,,,,,,,
"1707209805.77","search index=_* host=""GOEL-UF1""","GOEL-SearchHead","1707209805.251292",0,"UI:Search",943,1707209805,674,946,completed,"0.25","1707206160.000000000","1707209805.000000000","1707206160.000000000","1707209805.000000000",,,,,,,,,,,,,,,,,,,,,,
"1707209824.78","search index=_*","GOEL-SearchHead","1707209824.483440",0,"UI:Search",165906,1707209824,1317,165906,completed,"13.172","1707206220.000000000","1707209824.000000000","1707206220.000000000","1707209824.000000000",,,,,,,,,,,,,,,,,,,,,,
"1707209842.79","search index=_*","GOEL-SearchHead","1707209842.615536",0,"UI:Search",167632,1707209842,1000,167632,completed,"10.709","1707206220.000000000","1707209842.000000000","1707206220.000000000","1707209842.000000000",,,,,,,,,,,,,,,,,,,,,,
"1707209954.80","search index=_*","GOEL-SearchHead","1707209954.432807",0,"UI:Search",170132,1707209954,1000,170132,completed,"14.205","1707206340.000000000","1707209954.000000000","1707206340.000000000","1707209954.000000000",,,,,,,,,,,,,,,,,,,,,,
"1707209972.81","search index=_* host=""ip-10-0-3-6""","GOEL-SearchHead","1707209972.355732",0,"UI:Search",3569,1707209972,3569,3577,completed,"0.654","1707206340.000000000","1707209972.000000000","1707206340.000000000","1707209972.000000000",,,,,,,,,,,,,,,,,,,,,,
"1707209985.82","search index=_* host=""GOEL-UF1""","GOEL-SearchHead","1707209985.803674",0,"UI:Search",1228,1707209985,1228,1231,completed,"0.486","1707206340.000000000","1707209985.000000000","1707206340.000000000","1707209985.000000000",,,,,,,,,,,,,,,,,,,,,,
"1707209991.83","search index=_* host=""GOEL-UF1""","GOEL-SearchHead","1707209991.025174",0,"UI:Search",1228,1707209991,1228,1231,completed,"0.306","1707206340.000000000","1707209991.000000000","1707206340.000000000","1707209991.000000000",,,,,,,,,,,,,,,,,,,,,,
"1707209994.84","search index=_* host=""GOEL-UF1""","GOEL-SearchHead","1707209994.987181",0,"UI:Search",1228,1707209995,1228,1231,completed,"0.291","1707206340.000000000","1707209994.000000000","1707206340.000000000","1707209994.000000000",,,,,,,,,,,,,,,,,,,,,,
"1707209998.85","search index=_* host=""GOEL-UF1""","GOEL-SearchHead","1707209998.184423",0,"UI:Search",1228,1707209998,1228,1231,completed,"0.311","1707206340.000000000","1707209998.000000000","1707206340.000000000","1707209998.000000000",,,,,,,,,,,,,,,,,,,,,,
"1707210004.86","search index=_* host=""GOEL-UF1""","GOEL-SearchHead","1707210004.149358",0,"UI:Search",1228,1707210004,1228,1231,completed,"0.277","1707206400.000000000","1707210004.000000000","1707206400.000000000","1707210004.000000000",,,,,,,,,,,,,,,,,,,,,,
"1707210008.87","search index=_* host=""GOEL-UF1""","GOEL-SearchHead","1707210008.553466",0,"UI:Search",1228,1707210008,1228,1231,completed,"0.5","1707206400.000000000","1707210008.000000000","1707206400.000000000","1707210008.000000000",,,,,,,,,,,,,,,,,,,,,,
"1707210027.88","search index=_*","GOEL-SearchHead","1707210027.386316",0,"UI:Search",173223,1707210027,0,173223,failed,"74.8","1707206400.000000000","1707210027.000000000","1707206400.000000000","1707210027.000000000",,,,,,,,,,,,,,,,,,,,,,
"1707210040.89","search index=_* host=""ip-10-0-3-6""","GOEL-SearchHead","1707210040.651775",0,"UI:Search",3703,1707210040,3582,3711,completed,"0.743","1707206400.000000000","1707210040.000000000","1707206400.000000000","1707210040.000000000",,,,,,,,,,,,,,,,,,,,,,
"1707210138.92","search index=_* host=""ip-10-0-3-6""","GOEL-SearchHead","1707210138.698393",0,"UI:Search",3912,1707210138,3912,3920,completed,"0.969","1707206520.000000000","1707210138.000000000","1707206520.000000000","1707210138.000000000",,,,,,,,,,,,,,,,,,,,,,
"1707210194.93","search index=_*","GOEL-SearchHead","1707210194.511371",0,"UI:Search",106854,1707210194,0,106854,failed,"69.799","1707206580.000000000","1707210194.000000000","1707206580.000000000","1707210194.000000000",,,,,,,,,,,,,,,,,,,,,,
"1707210202.94","search index=_* host=""GOEL-UF1""","GOEL-SearchHead","1707210202.007282",0,"UI:Search",1788,1707210202,1788,1791,completed,"0.783","1707206580.000000000","1707210202.000000000","1707206580.000000000","1707210202.000000000",,,,,,,,,,,,,,,,,,,,,,
"1707210220.95","search index=_* host=""GOEL-UF*""","GOEL-SearchHead","1707210220.018267",0,"UI:Search",2800,1707210220,2297,2805,completed,"0.592","1707206580.000000000","1707210220.000000000","1707206580.000000000","1707210220.000000000",,,,,,,,,,,,,,,,,,,,,,
"1707210228.96","search index=_*","GOEL-SearchHead","1707210228.643622",0,"UI:Search",178985,1707210228,1000,178985,completed,"14.678","1707206580.000000000","1707210228.000000000","1707206580.000000000","1707210228.000000000",,,,,,,,,,,,,,,,,,,,,,
"1707212064.100","search index=_*","GOEL-SearchHead","1707212064.630384",0,"UI:Search",117571,1707212064,0,117571,failed,"68.874","1707208440.000000000","1707212064.000000000","1707208440.000000000","1707212064.000000000",,,,,,,,,,,,,,,,,,,,,,
"1707212071.101","search index=*","GOEL-SearchHead","1707212071.987479",0,"UI:Search",0,1707212072,0,0,completed,"0.615","1707208440.000000000","1707212071.000000000","1707208440.000000000","1707212071.000000000",,,,,,,,,,,,,,,,,,,,,,
"1707212076.102","search index=*","GOEL-SearchHead","1707212076.034433",0,"UI:Search",0,1707212076,0,0,completed,"0.137","1707208440.000000000","1707212076.000000000","1707208440.000000000","1707212076.000000000",,,,,,,,,,,,,,,,,,,,,,
"1707212080.103","search index=infra","GOEL-SearchHead","1707212080.326513",0,"UI:Search",0,1707212080,0,0,completed,"0.082","1707208440.000000000","1707212080.000000000","1707208440.000000000","1707212080.000000000",,,,,,,,,,,,,,,,,,,,,,
"1707212100.115","search index=_* host=GOEL-clustermaster","GOEL-SearchHead","1707212100.636714",0,"UI:Search",0,1707212100,0,0,completed,"0.20700000000000002","1707208500.000000000","1707212100.000000000","1707208500.000000000","1707212100.000000000",,,,,,,,,,,,,,,,,,,,,,
"1707212115.116","search index=_* host=*cluster*","GOEL-SearchHead","1707212115.702021",0,"UI:Search",0,1707212115,0,0,completed,"0.155","1707208500.000000000","1707212115.000000000","1707208500.000000000","1707212115.000000000",,,,,,,,,,,,,,,,,,,,,,
"1707212122.117","search index=_* host=*cluster*","GOEL-SearchHead","1707212122.320115",0,"UI:Search",0,1707212122,0,0,completed,"0.17500000000000002","1707208500.000000000","1707212122.000000000","1707208500.000000000","1707212122.000000000",,,,,,,,,,,,,,,,,,,,,,
"1707212126.118","search index=_*","GOEL-SearchHead","1707212126.762438",0,"UI:Search",202364,1707212126,1000,202364,completed,"15.329","1707208500.000000000","1707212126.000000000","1707208500.000000000","1707212126.000000000",,,,,,,,,,,,,,,,,,,,,,
"1707212207.119","search index=_*","GOEL-SearchHead","1707212207.334943",0,"UI:Search",204087,1707212207,1000,204087,completed,"12.453","1707208560.000000000","1707212207.000000000","1707208560.000000000","1707212207.000000000",,,,,,,,,,,,,,,,,,,,,,
"1707212219.120","search index=_*","GOEL-SearchHead","1707212219.677854",0,"UI:Search",205429,1707212219,1000,205429,completed,"16.726","1707208560.000000000","1707212219.000000000","1707208560.000000000","1707212219.000000000",,,,,,,,,,,,,,,,,,,,,,
"1707212252.121","search index=_*","GOEL-SearchHead","1707212252.942002",0,"UI:Search",204799,1707212252,1000,204799,completed,"12.124","1707208620.000000000","1707212252.000000000","1707208620.000000000","1707212252.000000000",,,,,,,,,,,,,,,,,,,,,,
"1707212339.122","search index=_*","GOEL-SearchHead","1707212339.962413",0,"UI:Search",208101,1707212340,0,208101,failed,"77.96000000000001","1707208680.000000000","1707212339.000000000","1707208680.000000000","1707212339.000000000",,,,,,,,,,,,,,,,,,,,,,
"1707212356.123","search index=_*","GOEL-SearchHead","1707212356.245349",0,"UI:Search",50311,1707212356,1000,50311,completed,"3.861","1707211456.000000000","1707212356.000000000","1707211456.000000000","1707212356.000000000",,,,,,,,,,,,,,,,,,,,,,
"1707212363.124","search index=_* host=""GOEL-ClusterMaster""","GOEL-SearchHead","1707212363.978706",0,"UI:Search",2340,1707212363,2340,2340,completed,"0.785","1707211463.000000000","1707212363.000000000","1707211463.000000000","1707212363.000000000",,,,,,,,,,,,,,,,,,,,,,
"1707212375.128","search index=_* host=""GOEL-ClusterMaster"" component=*app*","GOEL-SearchHead","1707212375.476726",0,"UI:Search",0,1707212375,0,2565,completed,"0.328","1707211475.000000000","1707212375.000000000","1707211475.000000000","1707212375.000000000",,,,,,,,,,,,,,,,,,,,,,
"1707212380.129","search index=_* host=""GOEL-ClusterMaster"" component=*","GOEL-SearchHead","1707212380.270452",0,"UI:Search",1771,1707212380,1771,2586,completed,"0.6900000000000001","1707211480.000000000","1707212380.000000000","1707211480.000000000","1707212380.000000000",,,,,,,,,,,,,,,,,,,,,,
"1707212395.130","search index=_* host=""GOEL-ClusterMaster"" component=* log_level=ERROR","GOEL-SearchHead","1707212395.473294",0,"UI:Search",30,1707212395,30,127,completed,"0.224","1707211495.000000000","1707212395.000000000","1707211495.000000000","1707212395.000000000",,,,,,,,,,,,,,,,,,,,,,
"1707212620.131","search index=_* host=""GOEL-ClusterMaster"" component=* log_level=ERROR","GOEL-SearchHead","1707212620.393355",0,"UI:Search",83,1707212620,83,366,completed,"0.604","1707211720.000000000","1707212620.000000000","1707211720.000000000","1707212620.000000000",,,,,,,,,,,,,,,,,,,,,,
"1707212631.132","search index=_* host=""GOEL-ClusterMaster""","GOEL-SearchHead","1707212631.369020",0,"UI:Search",6799,1707212631,1071,6799,completed,"1.6620000000000001","1707211731.000000000","1707212631.000000000","1707211731.000000000","1707212631.000000000",,,,,,,,,,,,,,,,,,,,,,
"1707212780.134","search index=_* indexesconf_app","GOEL-SearchHead","1707212780.947921",0,"UI:Search",36,1707212781,36,36,completed,"0.309","1707211880.000000000","1707212780.000000000","1707211880.000000000","1707212780.000000000",,,,,,,,,,,,,,,,,,,,,,
"1707212796.135","search index=_* indexesconf_app","GOEL-SearchHead","1707212796.920257",0,"UI:Search",48,1707212796,48,49,completed,"0.367","1707211896.000000000","1707212796.000000000","1707211896.000000000","1707212796.000000000",,,,,,,,,,,,,,,,,,,,,,
"1707212803.136","search index=_* indexesconf_app sourcetype=splunkd","GOEL-SearchHead","1707212803.873396",0,"UI:Search",35,1707212803,35,50,completed,"0.14100000000000001","1707211903.000000000","1707212803.000000000","1707211903.000000000","1707212803.000000000",,,,,,,,,,,,,,,,,,,,,,
"rt_md_1707213863.139","| metadata type=sourcetypes | search totalCount > 0","GOEL-SearchHead","1707213863.887651",1,"UI:Search",0,1707213863,0,0,canceled,"10.101",,,,,,,,,,,,,,,,,,,,,,,,,,
"1707213874.144","search index=_* ExpertInsight","GOEL-SearchHead","1707213874.312965",0,"UI:Search",0,1707213874,0,0,completed,"0.20600000000000002","1707127200.000000000","1707213874.000000000","1707127200.000000000","1707213874.000000000",,,,,,,,,,,,,,,,,,,,,,
"1707213883.146","search index=_* indexesconf_app","GOEL-SearchHead","1707213883.834536",0,"UI:Search",69,1707213883,69,71,completed,"0.264","1707127200.000000000","1707213883.000000000","1707127200.000000000","1707213883.000000000",,,,,,,,,,,,,,,,,,,,,,
"1707213889.147","search index=_* indexesconf_app host=""GOEL-Indexer1""","GOEL-SearchHead","1707213889.698161",0,"UI:Search",12,1707213889,12,29,completed,"0.136","1707127200.000000000","1707213889.000000000","1707127200.000000000","1707213889.000000000",,,,,,,,,,,,,,,,,,,,,,
"1707213911.148","search index=_* indexesconf_app host=""GOEL-Indexer2""","GOEL-SearchHead","1707213911.339084",0,"UI:Search",14,1707213911,14,35,completed,"0.152","1707127200.000000000","1707213911.000000000","1707127200.000000000","1707213911.000000000",,,,,,,,,,,,,,,,,,,,,,
"1707216375.152","search index=_* indexesconf_app host=""GOEL-Indexer2""","GOEL-SearchHead","1707216375.120429",0,"UI:Search",0,1707216375,0,0,completed,"0.186","1707127200.000000000","1707216375.000000000","1707127200.000000000","1707216375.000000000",,,,,,,,,,,,,,,,,,,,,,
"1707216377.153","search index=_* indexesconf_app host=""GOEL-Indexer2""","GOEL-SearchHead","1707216377.861691",0,"UI:Search",0,1707216377,0,0,completed,"0.1","1707127200.000000000","1707216377.000000000","1707127200.000000000","1707216377.000000000",,,,,,,,,,,,,,,,,,,,,,
"1707216380.154","search index=_* indexesconf_app host=""GOEL-Indexer2""","GOEL-SearchHead","1707216380.018347",0,"UI:Search",0,1707216380,0,0,completed,"0.113","1707127200.000000000","1707216380.000000000","1707127200.000000000","1707216380.000000000",,,,,,,,,,,,,,,,,,,,,,
"1707217256.155","search index=_* indexesconf_app host=""GOEL-Indexer2""","GOEL-SearchHead","1707217256.947237",0,"UI:Search",94,1707217257,94,165,completed,"0.74","1707130800.000000000","1707217256.000000000","1707130800.000000000","1707217256.000000000",,,,,,,,,,,,,,,,,,,,,,
"1707217297.156","search index=*","GOEL-SearchHead","1707217297.698383",0,"UI:Search",4,1707217297,4,4,completed,"0.31","1707130800.000000000","1707217297.000000000","1707130800.000000000","1707217297.000000000",,,,,,,,,,,,,,,,,,,,,,
"1707217304.157","search index=* index=infra","GOEL-SearchHead","1707217304.967189",0,"UI:Search",5,1707217304,5,5,completed,"0.214","1707130800.000000000","1707217304.000000000","1707130800.000000000","1707217304.000000000",,,,,,,,,,,,,,,,,,,,,,
"1707217309.158","search index=infra","GOEL-SearchHead","1707217309.057019",0,"UI:Search",5,1707217309,5,5,completed,"0.107","1707130800.000000000","1707217309.000000000","1707130800.000000000","1707217309.000000000",,,,,,,,,,,,,,,,,,,,,,
"1707217381.161","search index=infra","GOEL-SearchHead","1707217381.432709",0,"UI:Search",16,1707217381,16,16,completed,"0.6970000000000001","1707130800.000000000","1707217381.000000000","1707130800.000000000","1707217381.000000000",,,,,,,,,,,,,,,,,,,,,,
"1707217389.162","search index=infra","GOEL-SearchHead","1707217389.665372",0,"UI:Search",17,1707217389,17,17,completed,"0.137","1707130800.000000000","1707217389.000000000","1707130800.000000000","1707217389.000000000",,,,,,,,,,,,,,,,,,,,,,
"1707217393.163","search index=*","GOEL-SearchHead","1707217393.685949",0,"UI:Search",17,1707217393,17,17,completed,"0.129","1707130800.000000000","1707217393.000000000","1707130800.000000000","1707217393.000000000",,,,,,,,,,,,,,,,,,,,,,
"1707217404.164","search index=*","GOEL-SearchHead","1707217404.320290",0,"UI:Search",18,1707217404,18,18,completed,"0.131","1707130800.000000000","1707217404.000000000","1707130800.000000000","1707217404.000000000",,,,,,,,,,,,,,,,,,,,,,
"1707218651.166","search index=*","GOEL-SearchHead","1707218651.734575",0,"UI:Search",46,1707218651,46,46,completed,"0.932","1707130800.000000000","1707218651.000000000","1707130800.000000000","1707218651.000000000",,,,,,,,,,,,,,,,,,,,,,
"1707219121.167","search index=*","GOEL-SearchHead","1707219121.632056",0,"UI:Search",55,1707219122,55,55,completed,"1.178","1707130800.000000000","1707219121.000000000","1707130800.000000000","1707219121.000000000",,,,,,,,,,,,,,,,,,,,,,
"1707219125.170","search index=*","GOEL-SearchHead","1707219125.908183",0,"UI:Search",55,1707219125,55,55,completed,"0.20400000000000001","1707130800.000000000","1707219125.000000000","1707130800.000000000","1707219125.000000000",,,,,,,,,,,,,,,,,,,,,,
"1707219136.171","search index=*","GOEL-SearchHead","1707219136.686360",0,"UI:Search",55,1707219136,55,55,completed,"0.197","1707130800.000000000","1707219136.000000000","1707130800.000000000","1707219136.000000000",,,,,,,,,,,,,,,,,,,,,,
"1707219141.172","search index=*","GOEL-SearchHead","1707219141.771910",0,"UI:Search",80,1707219141,80,80,completed,"0.131","1706612400.000000000","1707219141.000000000","1706612400.000000000","1707219141.000000000",,,,,,,,,,,,,,,,,,,,,,
"1707219249.173","search index=*","GOEL-SearchHead","1707219249.764256",0,"UI:Search",23570,1707219249,8973,23570,completed,"2.029","1706612400.000000000","1707219249.000000000","1706612400.000000000","1707219249.000000000",,,,,,,,,,,,,,,,,,,,,,
"1707219267.174","search index=* index=infra","GOEL-SearchHead","1707219267.591182",0,"UI:Search",8987,1707219267,8987,8987,completed,"1.599","1706612400.000000000","1707219267.000000000","1706612400.000000000","1707219267.000000000",,,,,,,,,,,,,,,,,,,,,,
"1707219280.175","search index=* index=bcgames","GOEL-SearchHead","1707219280.032927",0,"UI:Search",14583,1707219280,1000,14583,completed,"0.212","1706612400.000000000","1707219280.000000000","1706612400.000000000","1707219280.000000000",,,,,,,,,,,,,,,,,,,,,,
"1707219292.176","search index=* index=bcgames sourcetype=dreamcrusher_xml","GOEL-SearchHead","1707219292.531863",0,"UI:Search",14583,1707219292,1000,14583,completed,"0.223","1706612400.000000000","1707219292.000000000","1706612400.000000000","1707219292.000000000",,,,,,,,,,,,,,,,,,,,,,
"1707220736.185","search index=* source=*secure*","GOEL-SearchHead","1707220736.643360",0,"UI:Search",0,1707220736,0,0,completed,"0.425","1706612400.000000000","1707220736.000000000","1706612400.000000000","1707220736.000000000",,,,,,,,,,,,,,,,,,,,,,
"1707221083.188","search index=* source=*secure*","GOEL-SearchHead","1707221083.530518",0,"UI:Search",8507,1707221083,4730,8507,completed,"0.9570000000000001","1706616000.000000000","1707221083.000000000","1706616000.000000000","1707221083.000000000",,,,,,,,,,,,,,,,,,,,,,
"1707221129.191","search index=_internal permission","GOEL-SearchHead","1707221129.358372",0,"UI:Search",35,1707221129,35,35,completed,"0.195","1706616000.000000000","1707221129.000000000","1706616000.000000000","1707221129.000000000",,,,,,,,,,,,,,,,,,,,,,
"1707221139.192","search index=_internal permission host=""GOEL-UF1""","GOEL-SearchHead","1707221139.442978",0,"UI:Search",8,1707221139,8,31,completed,"0.111","1706616000.000000000","1707221139.000000000","1706616000.000000000","1707221139.000000000",,,,,,,,,,,,,,,,,,,,,,
"1707221286.193","search index=* source=*secure* rhost=""218.81.71.79""","GOEL-SearchHead","1707221286.972730",0,"UI:Search",437,1707221287,437,2143,completed,"0.47000000000000003","1706616000.000000000","1707221286.000000000","1706616000.000000000","1707221286.000000000",,,,,,,,,,,,,,,,,,,,,,
"1707221328.196","search index=* source=*secure* from","GOEL-SearchHead","1707221328.681403",0,"UI:Search",3539,1707221328,3539,3623,completed,"0.616","1706616000.000000000","1707221328.000000000","1706616000.000000000","1707221328.000000000",,,,,,,,,,,,,,,,,,,,,,
"1707221480.198","search index=* source=*cisco_ironport_web.log*","GOEL-SearchHead","1707221480.154112",0,"UI:Search",3088,1707221480,3088,3088,completed,"1.74","1706616000.000000000","1707221480.000000000","1706616000.000000000","1707221480.000000000",,,,,,,,,,,,,,,,,,,,,,
"1707221809.201","search index=* source=*secure* from source=""/var/log/secure""","GOEL-SearchHead","1707221809.849976",0,"UI:Search",3538,1707221809,3538,3538,completed,"0.9530000000000001","1706616000.000000000","1707221809.000000000","1706616000.000000000","1707221809.000000000",,,,,,,,,,,,,,,,,,,,,,
"1707222346.208","search index=* source=*cisco_ironport_web.log* NOT GET","GOEL-SearchHead","1707222346.739052",0,"UI:Search",0,1707222346,0,0,completed,"0.233","1706616000.000000000","1707222346.000000000","1706616000.000000000","1707222346.000000000",,,,,,,,,,,,,,,,,,,,,,
"1707222351.210","search index=* source=*cisco_ironport_web.log*  GET","GOEL-SearchHead","1707222351.173155",0,"UI:Search",3101,1707222351,3101,3117,completed,"1.484","1706616000.000000000","1707222351.000000000","1706616000.000000000","1707222351.000000000",,,,,,,,,,,,,,,,,,,,,,
"1707222997.215","search index=* source=*cisco_ironport_mail.log*","GOEL-SearchHead","1707222997.428614",0,"UI:Search",5976,1707222997,5976,5976,completed,"0.917","1706616000.000000000","1707222997.000000000","1706616000.000000000","1707222997.000000000",,,,,,,,,,,,,,,,,,,,,,
"1707223039.227","search index=* source=*cisco_ironport_mail.log* icid OR mid OR dcid","GOEL-SearchHead","1707223039.479043",0,"UI:Search",4298,1707223039,4298,4334,completed,"0.867","1706616000.000000000","1707223039.000000000","1706616000.000000000","1707223039.000000000",,,,,,,,,,,,,,,,,,,,,,
"1707223062.229","search index=* source=*cisco_ironport_mail.log*  dcid","GOEL-SearchHead","1707223062.899467",0,"UI:Search",741,1707223062,741,741,completed,"0.42","1706616000.000000000","1707223062.000000000","1706616000.000000000","1707223062.000000000",,,,,,,,,,,,,,,,,,,,,,
"1707223213.238","search index=* source=*dream*","GOEL-SearchHead","1707223213.267046",0,"UI:Search",14583,1707223213,1000,14583,completed,"0.336","1706616000.000000000","1707223213.000000000","1706616000.000000000","1707223213.000000000",,,,,,,,,,,,,,,,,,,,,,
"1707223683.241","search index=* source=*cisco_ironport_mail.log*  dcid","GOEL-SearchHead","1707223683.815718",0,"UI:Search",744,1707223683,744,744,completed,"0.552","1706616000.000000000","1707223683.000000000","1706616000.000000000","1707223683.000000000",,,,,,,,,,,,,,,,,,,,,,
"1707223691.242","search index=* source=*cisco_ironport_mail.log*  dcid","GOEL-SearchHead","1707223691.843114",0,"UI:Search",744,1707223691,744,744,completed,"0.53","1706616000.000000000","1707223691.000000000","1706616000.000000000","1707223691.000000000",,,,,,,,,,,,,,,,,,,,,,
"1707223702.243","search index=* source=*cisco_ironport_mail.log*  dcid","GOEL-SearchHead","1707223702.698692",0,"UI:Search",744,1707223702,744,744,completed,"0.434","1706616000.000000000","1707223702.000000000","1706616000.000000000","1707223702.000000000",,,,,,,,,,,,,,,,,,,,,,
"1707223716.244","search index=*","GOEL-SearchHead","1707223716.877710",0,"UI:Search",71618,1707223716,2292,71618,completed,"3.279","1706616000.000000000","1707223716.000000000","1706616000.000000000","1707223716.000000000",,,,,,,,,,,,,,,,,,,,,,
"1707223745.245","search index=*|delete","GOEL-SearchHead","1707223745.079661",0,"UI:Search",0,1707223745,0,0,failed,"0.004","1706616000.000000000","1707223745.000000000","1706616000.000000000","1707223745.000000000",,,,,,,,,,,,,,,,,,,,,,
"1707223778.246","search index=*","GOEL-SearchHead","1707223778.334484",0,"UI:Search",77596,1707223778,2492,77596,completed,"4.755","1706616000.000000000","1707223778.000000000","1706616000.000000000","1707223778.000000000",,,,,,,,,,,,,,,,,,,,,,
"1707223828.261","search index=* earliest=-30d latest=-5m","GOEL-SearchHead","1707223828.411097",0,"UI:Search",128714,1707223828,1000,128714,completed,"2.42","1706616000.000000000","1707223828.000000000","1704631828.000000000","1707223528.000000000",,,,,,,,,,,,,,,,,,,,,,
"1707223846.262","| eventcount summarize=false index=os | fields + index","GOEL-SearchHead","1707223846.212848",0,,0,1707223846,0,0,completed,"0.07",,,,,,,,,,,,,,,,,,,,,,,,,,
"1707223865.263","search index=* earliest=-30d latest=-5m","GOEL-SearchHead","1707223865.214080",0,"UI:Search",147153,1707223865,1000,147153,completed,"2.2600000000000002","1706616000.000000000","1707223865.000000000","1704631865.000000000","1707223565.000000000",,,,,,,,,,,,,,,,,,,,,,
"1707223934.264","search index=* earliest=-30d","GOEL-SearchHead","1707223934.017795",0,"UI:Search",147178,1707223934,1000,147178,completed,"2.977","1706616000.000000000","1707223680.000000000","1704631934.000000000","1707223934.165312000",,,,,,,,,,,,,,,,,,,,,,
"1707223969.265","search index=* earliest=-30d","GOEL-SearchHead","1707223969.860523",0,"UI:Search",147180,1707223969,1000,147180,completed,"2.224","1706616000.000000000","1707223680.000000000","1704631969.000000000","1707223969.994292000",,,,,,,,,,,,,,,,,,,,,,
"1707223989.266","search index=* earliest=-30d","GOEL-SearchHead","1707223989.607220",0,"UI:Search",147180,1707223989,1000,147180,completed,"3.237","1706572800.000000000","1707223680.000000000","1704631989.000000000","1707223989.654943000",,,,,,,,,,,,,,,,,,,,,,
"1707224010.267","search index=* earliest=-30d","GOEL-SearchHead","1707224010.642428",0,"UI:Search",158531,1707224010,1000,158531,completed,"2.441","1707223110.000000000","1707224010.000000000","1704632010.000000000","1707224011.187901000",,,,,,,,,,,,,,,,,,,,,,
"1707224015.268","search index=*","GOEL-SearchHead","1707224015.068892",0,"UI:Search",116,1707224015,116,116,completed,"0.244","1707223115.000000000","1707224015.000000000","1707223115.000000000","1707224015.000000000",,,,,,,,,,,,,,,,,,,,,,
"1707224031.271","search index=* icid","GOEL-SearchHead","1707224031.690875",0,"UI:Search",19,1707224031,19,19,completed,"0.15","1707223131.000000000","1707224031.000000000","1707223131.000000000","1707224031.000000000",,,,,,,,,,,,,,,,,,,,,,
"1707224040.272","search index=* icid=*","GOEL-SearchHead","1707224040.468943",0,"UI:Search",0,1707224040,0,116,completed,"0.46900000000000003","1707223140.000000000","1707224040.000000000","1707223140.000000000","1707224040.000000000",,,,,,,,,,,,,,,,,,,,,,
"1707224110.273","search index=* source=*dream*","GOEL-SearchHead","1707224110.621873",0,"UI:Search",29166,1707224110,1000,29166,completed,"0.436","1706616000.000000000","1707224110.000000000","1706616000.000000000","1707224110.000000000",,,,,,,,,,,,,,,,,,,,,,
"1707224115.274","search index=* icid","GOEL-SearchHead","1707224115.273139",0,"UI:Search",6,1707224115,6,6,completed,"0.334","1707223215.000000000","1707224115.000000000","1707223215.000000000","1707224115.000000000",,,,,,,,,,,,,,,,,,,,,,
"1707224122.275","search index=* icid","GOEL-SearchHead","1707224122.694809",0,"UI:Search",5,1707224122,5,5,completed,"0.123","1707223222.000000000","1707224122.000000000","1707223222.000000000","1707224122.000000000",,,,,,,,,,,,,,,,,,,,,,
"1707224129.276","search index=*","GOEL-SearchHead","1707224129.402097",0,"UI:Search",41,1707224129,41,41,completed,"0.222","1707223229.000000000","1707224129.000000000","1707223229.000000000","1707224129.000000000",,,,,,,,,,,,,,,,,,,,,,
"1707224148.277","search index=*","GOEL-SearchHead","1707224148.627206",0,"UI:Search",20,1707224148,20,20,completed,"0.261","1707223248.000000000","1707224148.000000000","1707223248.000000000","1707224148.000000000",,,,,,,,,,,,,,,,,,,,,,
"1707224177.280","search index=*","GOEL-SearchHead","1707224177.914610",0,"UI:Search",109,1707224177,109,109,completed,"0.381","1707223277.000000000","1707224177.000000000","1707223277.000000000","1707224177.000000000",,,,,,,,,,,,,,,,,,,,,,
"1707224364.3","search index=*","GOEL-SearchHead","1707224364.314891",0,"UI:Search",58,1707224364,58,58,completed,"0.717","1707223464.000000000","1707224364.000000000","1707223464.000000000","1707224364.000000000",,,,,,,,,,,,,,,,,,,,,,
"1707224384.4","search index=* sourcetype=cisco_ironport_main_log","GOEL-SearchHead","1707224384.437746",0,"UI:Search",11,1707224384,11,11,completed,"0.319","1707223484.000000000","1707224384.000000000","1707223484.000000000","1707224384.000000000",,,,,,,,,,,,,,,,,,,,,,
"1707224426.7","search index=* url=*","GOEL-SearchHead","1707224426.216928",0,"UI:Search",12,1707224426,12,92,completed,"0.259","1707223526.000000000","1707224426.000000000","1707223526.000000000","1707224426.000000000",,,,,,,,,,,,,,,,,,,,,,
"1707224519.8","search index=* url=*","GOEL-SearchHead","1707224519.103530",0,"UI:Search",2,1707224519,2,15,completed,"0.38","1707223619.000000000","1707224519.000000000","1707223619.000000000","1707224519.000000000",,,,,,,,,,,,,,,,,,,,,,
"1707224527.9","search index=* url=*","GOEL-SearchHead","1707224527.028844",0,"UI:Search",2,1707224527,2,16,completed,"0.187","1707223627.000000000","1707224527.000000000","1707223627.000000000","1707224527.000000000",,,,,,,,,,,,,,,,,,,,,,
"1707224532.10","search index=* url=*","GOEL-SearchHead","1707224532.862282",0,"UI:Search",4,1707224532,4,53,completed,"0.269","1707223632.000000000","1707224532.000000000","1707223632.000000000","1707224532.000000000",,,,,,,,,,,,,,,,,,,,,,
"1707224536.11","search index=* url=*","GOEL-SearchHead","1707224536.380635",0,"UI:Search",4,1707224536,4,53,completed,"0.131","1707223636.000000000","1707224536.000000000","1707223636.000000000","1707224536.000000000",,,,,,,,,,,,,,,,,,,,,,
"1707224539.12","search index=* url=*","GOEL-SearchHead","1707224539.699306",0,"UI:Search",4,1707224539,4,53,completed,"0.332","1707223639.000000000","1707224539.000000000","1707223639.000000000","1707224539.000000000",,,,,,,,,,,,,,,,,,,,,,
"1707224547.13","search index=* url=*","GOEL-SearchHead","1707224547.513126",0,"UI:Search",4,1707224547,4,53,completed,"0.13","1707223647.000000000","1707224547.000000000","1707223647.000000000","1707224547.000000000",,,,,,,,,,,,,,,,,,,,,,
"1707226663.23","search index=* source=*crash*","GOEL-SearchHead","1707226663.579797",0,"UI:Search",0,1707226663,0,0,completed,"0.194","1707225763.000000000","1707226663.000000000","1707225763.000000000","1707226663.000000000",,,,,,,,,,,,,,,,,,,,,,
"1707226668.24","search index=* source=*crash*","GOEL-SearchHead","1707226668.471479",0,"UI:Search",0,1707226668,0,0,completed,"0.133","1706619600.000000000","1707226668.000000000","1706619600.000000000","1707226668.000000000",,,,,,,,,,,,,,,,,,,,,,
"1707226674.25","search index=* source=*crash*","GOEL-SearchHead","1707226674.886410",0,"UI:Search",0,1707226674,0,0,completed,"0.14400000000000002","1706619600.000000000","1707226674.000000000","1706619600.000000000","1707226674.000000000",,,,,,,,,,,,,,,,,,,,,,
"1707226812.29","search index=* source=*crush*","GOEL-SearchHead","1707226812.621509",0,"UI:Search",0,1707226812,0,0,completed,"0.244","1706619600.000000000","1707226812.000000000","1706619600.000000000","1707226812.000000000",,,,,,,,,,,,,,,,,,,,,,
"1707226817.31","search index=* source=*crusher*","GOEL-SearchHead","1707226817.616075",0,"UI:Search",0,1707226817,0,0,completed,"0.14200000000000002","1706619600.000000000","1707226817.000000000","1706619600.000000000","1707226817.000000000",,,,,,,,,,,,,,,,,,,,,,
"1707226821.35","search index=* source=*dream*","GOEL-SearchHead","1707226821.659486",0,"UI:Search",0,1707226821,0,0,completed,"0.169","1706619600.000000000","1707226821.000000000","1706619600.000000000","1707226821.000000000",,,,,,,,,,,,,,,,,,,,,,
"1707226825.36","search index=_* source=*dream*","GOEL-SearchHead","1707226825.948063",0,"UI:Search",0,1707226825,0,0,completed,"0.28200000000000003","1706619600.000000000","1707226825.000000000","1706619600.000000000","1707226825.000000000",,,,,,,,,,,,,,,,,,,,,,
"1707226834.41","search index=_* *dream*","GOEL-SearchHead","1707226834.578067",0,"UI:Search",117,1707226834,117,1669382,completed,"12.395","1706619600.000000000","1707226834.000000000","1706619600.000000000","1707226834.000000000",,,,,,,,,,,,,,,,,,,,,,
"1707226851.42","search index=_* *dream* sourcetype=splunkd","GOEL-SearchHead","1707226851.040387",0,"UI:Search",38,1707226851,38,1171792,completed,"4.0840000000000005","1706619600.000000000","1707226851.000000000","1706619600.000000000","1707226851.000000000",,,,,,,,,,,,,,,,,,,,,,
"1707233223.2","search index=_* *dream* sourcetype=splunkd","GOEL-SearchHead","1707233223.220038",0,"UI:Search",62,1707233223,62,1459339,completed,"5.788","1706626800.000000000","1707233223.000000000","1706626800.000000000","1707233223.000000000",,,,,,,,,,,,,,,,,,,,,,
"1707233248.4","search index=_* *dream* sourcetype=splunkd host=""GOEL-UF2""","GOEL-SearchHead","1707233248.990373",0,"UI:Search",12,1707233249,12,42553,completed,"0.539","1706626800.000000000","1707233248.000000000","1706626800.000000000","1707233248.000000000",,,,,,,,,,,,,,,,,,,,,,
"1707233257.5","search index=_* *dream* sourcetype=splunkd host=""ip-10-0-3-6""","GOEL-SearchHead","1707233257.673491",0,"UI:Search",8,1707233257,8,4184,completed,"0.199","1706626800.000000000","1707233257.000000000","1706626800.000000000","1707233257.000000000",,,,,,,,,,,,,,,,,,,,,,
"1707233376.10","search index=* source=*dream*","GOEL-SearchHead","1707233376.839725",0,"UI:Search",0,1707233376,0,0,completed,"0.19","1706626800.000000000","1707233376.000000000","1706626800.000000000","1707233376.000000000",,,,,,,,,,,,,,,,,,,,,,
"1707233379.11","search index=* source=*dream*","GOEL-SearchHead","1707233379.963249",0,"UI:Search",0,1707233380,0,0,completed,"0.534","1706626800.000000000","1707233379.000000000","1706626800.000000000","1707233379.000000000",,,,,,,,,,,,,,,,,,,,,,
"1707233414.12","search index=* source=*dream*","GOEL-SearchHead","1707233414.117526",0,"UI:Search",0,1707233414,0,0,completed,"0.161","1706626800.000000000","1707233414.000000000","1706626800.000000000","1707233414.000000000",,,,,,,,,,,,,,,,,,,,,,
"1707233416.13","search index=* source=*dream*","GOEL-SearchHead","1707233416.484017",0,"UI:Search",0,1707233416,0,0,completed,"0.263","1706626800.000000000","1707233416.000000000","1706626800.000000000","1707233416.000000000",,,,,,,,,,,,,,,,,,,,,,
"1707233419.14","search index=* source=*dream*","GOEL-SearchHead","1707233419.097953",0,"UI:Search",0,1707233419,0,0,completed,"0.132","1706626800.000000000","1707233419.000000000","1706626800.000000000","1707233419.000000000",,,,,,,,,,,,,,,,,,,,,,
"1707233462.15","search index=* source=*dream*","GOEL-SearchHead","1707233462.099312",0,"UI:Search",0,1707233462,0,0,completed,"0.187","1706626800.000000000","1707233462.000000000","1706626800.000000000","1707233462.000000000",,,,,,,,,,,,,,,,,,,,,,
"1707234091.16","search index=* source=*dream*","GOEL-SearchHead","1707234091.090721",0,"UI:Search",919,1707234091,919,919,completed,"0.738","1706626800.000000000","1707234091.000000000","1706626800.000000000","1707234091.000000000",,,,,,,,,,,,,,,,,,,,,,
"1707240695.44","search index=* source=*dream* NOT AttackVessel","GOEL-SearchHead","1707240695.358510",0,"UI:Search",2,1707240695,2,2,completed,"0.23700000000000002","1706634000.000000000","1707240695.000000000","1706634000.000000000","1707240695.000000000",,,,,,,,,,,,,,,,,,,,,,
"1707240702.45","search index=* source=*dream*","GOEL-SearchHead","1707240702.016897",0,"UI:Search",919,1707240702,919,919,completed,"0.329","1706634000.000000000","1707240702.000000000","1706634000.000000000","1707240702.000000000",,,,,,,,,,,,,,,,,,,,,,
"1707240714.51","search index=* source=*dream* NOT AttackVessel=*","GOEL-SearchHead","1707240714.327174",0,"UI:Search",140,1707240714,140,919,completed,"0.648","1706634000.000000000","1707240714.000000000","1706634000.000000000","1707240714.000000000",,,,,,,,,,,,,,,,,,,,,,
"1707240893.3","search index=* source=*dream* NOT AttackVessel=*","GOEL-SearchHead","1707240893.333750",0,"UI:Search",140,1707240893,140,919,completed,"0.322","1706634000.000000000","1707240893.000000000","1706634000.000000000","1707240893.000000000",,,,,,,,,,,,,,,,,,,,,,
"1707240944.4","search index=* source=*dream* NOT AttackVessel=*","GOEL-SearchHead","1707240944.711949",0,"UI:Search",2,1707240944,2,919,completed,"0.799","1706634000.000000000","1707240944.000000000","1706634000.000000000","1707240944.000000000",,,,,,,,,,,,,,,,,,,,,,
"1707240948.5","search index=* source=*dream* NOT AttackVessel=*","GOEL-SearchHead","1707240948.421369",0,"UI:Search",2,1707240948,2,919,completed,"0.146","1706634000.000000000","1707240948.000000000","1706634000.000000000","1707240948.000000000",,,,,,,,,,,,,,,,,,,,,,
"1707243285.8","search index=* source=*dream* NOT AttackVessel=*","GOEL-SearchHead","1707243285.653507",0,"UI:Search",2,1707243285,2,919,completed,"0.433","1706637600.000000000","1707243285.000000000","1706637600.000000000","1707243285.000000000",,,,,,,,,,,,,,,,,,,,,,
"1707243419.9","search index=* source=*dream*","GOEL-SearchHead","1707243419.628067",0,"UI:Search",919,1707243419,919,919,completed,"0.92","1706637600.000000000","1707243419.000000000","1706637600.000000000","1707243419.000000000",,,,,,,,,,,,,,,,,,,,,,
"1707243940.12","search index=* source=*/var/log/secure*","GOEL-SearchHead","1707243940.310207",0,"UI:Search",18377,1707243940,4513,18377,completed,"1.016","1706637600.000000000","1707243940.000000000","1706637600.000000000","1707243940.000000000",,,,,,,,,,,,,,,,,,,,,,
"1707243971.13","search index=* source=*/var/log/secure* index=soc","GOEL-SearchHead","1707243971.399355",0,"UI:Search",18377,1707243971,4513,18377,completed,"0.935","1706637600.000000000","1707243971.000000000","1706637600.000000000","1707243971.000000000",,,,,,,,,,,,,,,,,,,,,,
"1707244013.14","search source=*/var/log/secure* index=soc failed","GOEL-SearchHead","1707244013.464977",0,"UI:Search",4251,1707244013,3175,4251,completed,"0.704","1706637600.000000000","1707244013.000000000","1706637600.000000000","1707244013.000000000",,,,,,,,,,,,,,,,,,,,,,
"1707244041.15","search source=*/var/log/secure* index=soc failed|stats count by user,src_ip","GOEL-SearchHead","1707244041.139906",0,"UI:Search",4251,1707244041,417,4251,completed,"0.268","1706637600.000000000","1707244041.000000000","1706637600.000000000","1707244041.000000000",,,,,,,,,,,,,,,,,,,,,,
"1707244071.16","search source=*/var/log/secure* index=soc failed earliest=-60m |stats count by user,src_ip","GOEL-SearchHead","1707244071.247636",0,"UI:Search",32,1707244071,20,135,completed,"0.209","1706637600.000000000","1707244071.000000000","1707240471.000000000","1707244071.425472000",,,,,,,,,,,,,,,,,,,,,,
"admin__admin__search__search1_1707244151.17","search source=*/var/log/secure* index=soc failed earliest=-60m |stats count by user,src_ip","GOEL-SearchHead","1707244151.287510",0,"UI:Dashboard:soc_dashboard",32,1707244151,20,135,completed,"0.329","1706637600.000000000","1707244151.000000000","1707240551.000000000","1707244151.450097000",0,0,search1,,,,,,,,,,,,,,,,,,,
"1707244339.18","search index=_audit","GOEL-SearchHead","1707244339.977935",0,"UI:Search",122180,1707244340,1000,122180,completed,"1.811","1706637600.000000000","1707244339.000000000","1706637600.000000000","1707244339.000000000",,,,,,,,,,,,,,,,,,,,,,
"1707244349.21","search index=_audit info=completed","GOEL-SearchHead","1707244349.007279",0,"UI:Search",1033,1707244349,1033,1269,completed,"0.41600000000000004","1706637600.000000000","1707244348.000000000","1706637600.000000000","1707244348.000000000",,,,,,,,,,,,,,,,,,,,,,
"1707244354.22","search index=_audit info=completed","GOEL-SearchHead","1707244354.113416",0,"UI:Search",19,1707244354,19,27,completed,"0.196","1707243454.000000000","1707244354.000000000","1707243454.000000000","1707244354.000000000",,,,,,,,,,,,,,,,,,,,,,
"1707244358.23","search index=_audit info=completed user=admin","GOEL-SearchHead","1707244358.959678",0,"UI:Search",8,1707244358,8,28,completed,"0.162","1707243458.000000000","1707244358.000000000","1707243458.000000000","1707244358.000000000",,,,,,,,,,,,,,,,,,,,,,
"1707244405.24","search index=_audit info=completed user=admin savedsearch_name=""SOC Failed Logins report""","GOEL-SearchHead","1707244405.083457",0,"UI:Search",2,1707244405,2,3,completed,"0.27","1707243505.000000000","1707244405.000000000","1707243505.000000000","1707244405.000000000",,,,,,,,,,,,,,,,,,,,,,
"admin__admin__search__search1_1707244429.25","search source=*/var/log/secure* index=soc failed earliest=-60m |stats count by user,src_ip","GOEL-SearchHead","1707244429.800329",0,"UI:Dashboard:soc_dashboard",31,1707244429,19,130,completed,"0.23700000000000002","1706637600.000000000","1707244429.000000000","1707240829.000000000","1707244429.973257000",0,0,search1,,,,,,,,,,,,,,,,,,,
"1707244431.26","search index=_audit info=completed user=admin savedsearch_name=""SOC Failed Logins report""","GOEL-SearchHead","1707244431.709439",0,"UI:Search",2,1707244431,2,3,completed,"0.20800000000000002","1707243531.000000000","1707244431.000000000","1707243531.000000000","1707244431.000000000",,,,,,,,,,,,,,,,,,,,,,
"1707244434.27","search index=_audit info=completed user=admin savedsearch_name=""SOC Failed Logins report""","GOEL-SearchHead","1707244434.503798",0,"UI:Search",3,1707244434,3,9,completed,"0.168","1707243534.000000000","1707244434.000000000","1707243534.000000000","1707244434.000000000",,,,,,,,,,,,,,,,,,,,,,
"1707244437.28","search index=_audit info=completed user=admin savedsearch_name=""SOC Failed Logins report""","GOEL-SearchHead","1707244437.303983",0,"UI:Search",3,1707244437,3,7,completed,"0.108","1707243537.000000000","1707244437.000000000","1707243537.000000000","1707244437.000000000",,,,,,,,,,,,,,,,,,,,,,
"1707244439.29","search index=_audit info=completed user=admin savedsearch_name=""SOC Failed Logins report""","GOEL-SearchHead","1707244439.531212",0,"UI:Search",3,1707244439,3,8,completed,"0.149","1707243539.000000000","1707244439.000000000","1707243539.000000000","1707244439.000000000",,,,,,,,,,,,,,,,,,,,,,
"1707244514.32","search index=_audit info=completed user=admin savedsearch_name=""SOC Failed Logins report""","GOEL-SearchHead","1707244514.436171",0,"UI:Search",5,1707244514,5,15,completed,"0.254","1707243614.000000000","1707244514.000000000","1707243614.000000000","1707244514.000000000",,,,,,,,,,,,,,,,,,,,,,
"1707244517.33","search index=_audit info=completed user=admin savedsearch_name=""SOC Failed Logins report""","GOEL-SearchHead","1707244517.918096",0,"UI:Search",5,1707244517,5,16,completed,"0.10400000000000001","1707243617.000000000","1707244517.000000000","1707243617.000000000","1707244517.000000000",,,,,,,,,,,,,,,,,,,,,,
"1707244527.34","search index=_audit info=completed user=admin savedsearch_name=""SOC Failed Logins report""","GOEL-SearchHead","1707244527.775658",0,"UI:Search",5,1707244527,5,19,completed,"0.11800000000000001","1707243627.000000000","1707244527.000000000","1707243627.000000000","1707244527.000000000",,,,,,,,,,,,,,,,,,,,,,
"1707244530.35","search index=_audit info=completed user=admin savedsearch_name=""SOC Failed Logins report""","GOEL-SearchHead","1707244530.088021",0,"UI:Search",5,1707244530,5,20,completed,"0.17400000000000002","1707243630.000000000","1707244530.000000000","1707243630.000000000","1707244530.000000000",,,,,,,,,,,,,,,,,,,,,,
"1707244532.36","search index=_audit info=completed user=admin savedsearch_name=""SOC Failed Logins report""","GOEL-SearchHead","1707244532.340500",0,"UI:Search",5,1707244532,5,21,completed,"0.106","1707243632.000000000","1707244532.000000000","1707243632.000000000","1707244532.000000000",,,,,,,,,,,,,,,,,,,,,,
"1707244534.37","search index=_audit info=completed user=admin savedsearch_name=""SOC Failed Logins report""","GOEL-SearchHead","1707244534.430174",0,"UI:Search",5,1707244534,5,22,completed,"0.177","1707243634.000000000","1707244534.000000000","1707243634.000000000","1707244534.000000000",,,,,,,,,,,,,,,,,,,,,,
"1707244536.38","search index=_audit info=completed user=admin savedsearch_name=""SOC Failed Logins report""","GOEL-SearchHead","1707244536.400232",0,"UI:Search",5,1707244536,5,23,completed,"0.107","1707243636.000000000","1707244536.000000000","1707243636.000000000","1707244536.000000000",,,,,,,,,,,,,,,,,,,,,,
"1707244556.39","search index=_audit info=completed user=admin savedsearch_name=""SOC Failed Logins report""","GOEL-SearchHead","1707244556.640180",0,"UI:Search",6,1707244556,6,30,completed,"0.128","1707243656.000000000","1707244556.000000000","1707243656.000000000","1707244556.000000000",,,,,,,,,,,,,,,,,,,,,,
"1707244560.40","search index=_audit info=completed user=admin savedsearch_name=""SOC Failed Logins report""","GOEL-SearchHead","1707244560.447796",0,"UI:Search",6,1707244560,6,31,completed,"0.167","1707243660.000000000","1707244560.000000000","1707243660.000000000","1707244560.000000000",,,,,,,,,,,,,,,,,,,,,,
"1707244563.41","search index=_audit info=completed user=admin savedsearch_name=""SOC Failed Logins report""","GOEL-SearchHead","1707244563.510606",0,"UI:Search",6,1707244563,6,32,completed,"0.113","1707243663.000000000","1707244563.000000000","1707243663.000000000","1707244563.000000000",,,,,,,,,,,,,,,,,,,,,,
"1707244565.42","search index=_audit info=completed user=admin savedsearch_name=""SOC Failed Logins report""","GOEL-SearchHead","1707244565.825967",0,"UI:Search",6,1707244565,6,33,completed,"0.107","1707243665.000000000","1707244565.000000000","1707243665.000000000","1707244565.000000000",,,,,,,,,,,,,,,,,,,,,,
"1707244580.43","search index=_audit info=completed user=admin savedsearch_name=""SOC Failed Logins report""","GOEL-SearchHead","1707244580.860504",0,"UI:Search",6,1707244580,6,34,completed,"0.107","1707243680.000000000","1707244580.000000000","1707243680.000000000","1707244580.000000000",,,,,,,,,,,,,,,,,,,,,,
"1707244583.44","search index=_audit info=completed user=admin savedsearch_name=""SOC Failed Logins report""","GOEL-SearchHead","1707244583.718713",0,"UI:Search",8,1707244583,8,42,completed,"0.164","1707243683.000000000","1707244583.000000000","1707243683.000000000","1707244583.000000000",,,,,,,,,,,,,,,,,,,,,,
"1707244606.45","search index=_audit info=completed user=admin savedsearch_name=""SOC Failed Logins report""","GOEL-SearchHead","1707244606.726293",0,"UI:Search",8,1707244606,8,43,completed,"0.127","1707243706.000000000","1707244606.000000000","1707243706.000000000","1707244606.000000000",,,,,,,,,,,,,,,,,,,,,,
"1707244609.46","search index=_audit info=completed user=admin savedsearch_name=""SOC Failed Logins report""","GOEL-SearchHead","1707244609.758444",0,"UI:Search",8,1707244609,8,44,completed,"0.324","1707243709.000000000","1707244609.000000000","1707243709.000000000","1707244609.000000000",,,,,,,,,,,,,,,,,,,,,,
"1707244612.47","search index=_audit info=completed user=admin savedsearch_name=""SOC Failed Logins report""","GOEL-SearchHead","1707244612.570548",0,"UI:Search",9,1707244612,9,49,completed,"0.249","1707243712.000000000","1707244612.000000000","1707243712.000000000","1707244612.000000000",,,,,,,,,,,,,,,,,,,,,,
"1707244615.48","search index=_audit info=completed user=admin savedsearch_name=""SOC Failed Logins report""","GOEL-SearchHead","1707244615.325953",0,"UI:Search",9,1707244615,9,50,completed,"0.10300000000000001","1707243715.000000000","1707244615.000000000","1707243715.000000000","1707244615.000000000",,,,,,,,,,,,,,,,,,,,,,
"1707244640.49","search index=infra source=*access.log*","GOEL-SearchHead","1707244640.426706",0,"UI:Search",11,1707244640,11,11,completed,"0.14300000000000002","1707243740.000000000","1707244640.000000000","1707243740.000000000","1707244640.000000000",,,,,,,,,,,,,,,,,,,,,,
"1707244714.50","search index=infra source=*cisco_ironport_web.log*","GOEL-SearchHead","1707244714.427140",0,"UI:Search",9,1707244714,9,9,completed,"0.305","1707243814.000000000","1707244714.000000000","1707243814.000000000","1707244714.000000000",,,,,,,,,,,,,,,,,,,,,,
"1707244761.52","search index=infra source=*cisco_ironport_web.log* *.exe* OR *.bat*","GOEL-SearchHead","1707244761.241202",0,"UI:Search",0,1707244761,0,2,completed,"0.151","1707243861.000000000","1707244761.000000000","1707243861.000000000","1707244761.000000000",,,,,,,,,,,,,,,,,,,,,,
"1707244764.53","search index=infra source=*cisco_ironport_web.log* *.exe* OR *.bat*","GOEL-SearchHead","1707244764.669073",0,"UI:Search",30,1707244764,30,49,completed,"0.17500000000000002","1707156000.000000000","1707244764.000000000","1707156000.000000000","1707244764.000000000",,,,,,,,,,,,,,,,,,,,,,
"1707244804.58","search index=infra source=*cisco_ironport_web.log*|search url IN (""*.exe*"",""*.bat*"")","GOEL-SearchHead","1707244804.992283",0,"UI:Search",6,1707244805,6,50,completed,"0.186","1707156000.000000000","1707244804.000000000","1707156000.000000000","1707244804.000000000",,,,,,,,,,,,,,,,,,,,,,
"admin__admin__search__search1_1707244861.59","search index=infra source=*cisco_ironport_web.log*|search url IN (""*.exe*"",""*.bat*"")","GOEL-SearchHead","1707244861.445967",0,"UI:Dashboard:infra",6,1707244861,6,49,canceled,"0.166","1707156000.000000000","1707244861.000000000","1707156000.000000000","1707244861.000000000",0,0,search1,,,,,,,,,,,,,,,,,,,
"admin__admin__search__search1_1707244862.60","search index=infra source=*cisco_ironport_web.log*|search url IN (""*.exe*"",""*.bat*"")","GOEL-SearchHead","1707244862.864686",0,"UI:Dashboard:infra",6,1707244862,6,49,completed,"0.131","1707156000.000000000","1707244862.000000000","1707156000.000000000","1707244862.000000000",0,0,search1,,,,,,,,,,,,,,,,,,,
"1707245010.61","search index=infra source=*cisco_ironport_web.log* user=*","GOEL-SearchHead","1707245010.665620",0,"UI:Search",3193,1707245010,3193,3193,completed,"0.656","1707156000.000000000","1707245010.000000000","1707156000.000000000","1707245010.000000000",,,,,,,,,,,,,,,,,,,,,,
"1707245047.69","search index=infra source=*cisco_ironport_web.log* url=""*.exe*"" OR url=""*.bat*""","GOEL-SearchHead","1707245047.068720",0,"UI:Search",6,1707245047,6,48,completed,"0.452","1707156000.000000000","1707245047.000000000","1707156000.000000000","1707245047.000000000",,,,,,,,,,,,,,,,,,,,,,
"1707245051.70","search index=infra source=*cisco_ironport_web.log* url=""*.exe*"" OR url=""*.bat*""","GOEL-SearchHead","1707245051.849766",0,"UI:Search",6,1707245051,6,48,completed,"0.125","1707156000.000000000","1707245051.000000000","1707156000.000000000","1707245051.000000000",,,,,,,,,,,,,,,,,,,,,,
"admin__admin__search__search1_1707245092.71","search index=infra source=*cisco_ironport_web.log* url=""*.exe*"" OR url=""*.bat*""","GOEL-SearchHead","1707245092.453002",0,"UI:Dashboard:infra",6,1707245092,6,47,completed,"0.436","1707156000.000000000","1707245092.000000000","1707156000.000000000","1707245092.000000000",0,0,search1,,,,,,,,,,,,,,,,,,,
"1707245117.72","search index=infra source=*cisco_ironport_web.log* url=""*.exe*"" OR url=""*.bat*""|stats count by user","GOEL-SearchHead","1707245117.084741",0,"UI:Search",6,1707245117,2,47,completed,"0.17500000000000002","1707156000.000000000","1707245117.000000000","1707156000.000000000","1707245117.000000000",,,,,,,,,,,,,,,,,,,,,,
"1707245127.73","search index=infra source=*cisco_ironport_web.log* url=""*.exe*"" OR url=""*.bat*"" earliest=-24h|stats count by user","GOEL-SearchHead","1707245127.844811",0,"UI:Search",6,1707245127,2,41,completed,"0.114","1707156000.000000000","1707245127.000000000","1707158727.000000000","1707245127.900302000",,,,,,,,,,,,,,,,,,,,,,
"admin__admin__search__search2_1707245151.74","search index=infra source=*cisco_ironport_web.log* url=""*.exe*"" OR url=""*.bat*"" earliest=-24h|stats count by user","GOEL-SearchHead","1707245151.662978",0,"UI:Dashboard:infra",6,1707245151,2,41,completed,"0.253","1707156000.000000000","1707245151.000000000","1707158751.000000000","1707245151.846358000",0,0,search2,,,,,,,,,,,,,,,,,,,
"1707245198.75","search index=infra source=*cisco_ironport_mail.log*  earliest=-24h","GOEL-SearchHead","1707245198.358373",0,"UI:Search",6241,1707245198,6241,6241,completed,"0.507","1707156000.000000000","1707245198.000000000","1707158798.000000000","1707245198.507907000",,,,,,,,,,,,,,,,,,,,,,
"1707245266.76","search index=infra source=*cisco_ironport_mail.log*  earliest=-24h| transaction MID DCID ICID","GOEL-SearchHead","1707245266.843957",0,"UI:Search",136,1707245266,136,6215,completed,"0.40800000000000003","1707156000.000000000","1707245266.000000000","1707158866.000000000","1707245266.987040000",,,,,,,,,,,,,,,,,,,,,,
"1707245300.80","search index=infra source=*cisco_ironport_mail.log*  earliest=-24h| transaction MID DCID ICID|search REJECT","GOEL-SearchHead","1707245300.744358",0,"UI:Search",47,1707245300,47,6203,completed,"0.231","1707156000.000000000","1707245300.000000000","1707158900.000000000","1707245300.831820000",,,,,,,,,,,,,,,,,,,,,,
"admin__admin__search__search3_1707245351.82","search index=infra source=*cisco_ironport_mail.log*  earliest=-24h| transaction MID DCID ICID|search REJECT","GOEL-SearchHead","1707245351.167527",0,"UI:Dashboard:infra",47,1707245351,47,6185,canceled,"0.209","1707156000.000000000","1707245351.000000000","1707158951.000000000","1707245351.243467000",0,0,search3,,,,,,,,,,,,,,,,,,,
"admin__admin__search__search3_1707245351.83","search index=infra source=*cisco_ironport_mail.log*  earliest=-24h| transaction MID DCID ICID|search REJECT","GOEL-SearchHead","1707245351.436689",0,"UI:Dashboard:infra",47,1707245351,47,6185,completed,"0.17500000000000002","1707156000.000000000","1707245351.000000000","1707158951.000000000","1707245351.487687000",0,0,search3,,,,,,,,,,,,,,,,,,,
"1707245384.89","search index=* source=*dreamcrusher.xml*","GOEL-SearchHead","1707245384.514223",0,"UI:Search",0,1707245384,0,0,completed,"0.294","1707156000.000000000","1707245384.000000000","1707156000.000000000","1707245384.000000000",,,,,,,,,,,,,,,,,,,,,,
"1707245389.90","search index=* source=*dreamcrusher.xml*","GOEL-SearchHead","1707245389.587619",0,"UI:Search",919,1707245389,919,919,completed,"0.22","1706637600.000000000","1707245389.000000000","1706637600.000000000","1707245389.000000000",,,,,,,,,,,,,,,,,,,,,,
"1707245408.91","search index=* source=*dreamcrusher.xml* sourcetype=dreamcrusher_xml","GOEL-SearchHead","1707245408.237685",0,"UI:Search",919,1707245408,919,919,completed,"0.20800000000000002","1706637600.000000000","1707245408.000000000","1706637600.000000000","1707245408.000000000",,,,,,,,,,,,,,,,,,,,,,
"1707245442.92","search index=bcgames source=*dreamcrusher.xml* sourcetype=dreamcrusher_xml","GOEL-SearchHead","1707245442.513944",0,"UI:Search",919,1707245442,919,919,completed,"0.244",,,,,,,,,,,,,,,,,,,,,,,,,,
"1707245468.93","search index=bcgames source=*dreamcrusher.xml* sourcetype=dreamcrusher_xml|stats sum(Infiltrators) AS sum_Infiltrators by AttackVessel","GOEL-SearchHead","1707245468.691561",0,"UI:Search",919,1707245468,3,919,completed,"0.167",,,,,,,,,,,,,,,,,,,,,,,,,,
"admin__admin__search__search1_1707245512.94","search index=bcgames source=*dreamcrusher.xml* sourcetype=dreamcrusher_xml|stats sum(Infiltrators) AS sum_Infiltrators by AttackVessel","GOEL-SearchHead","1707245512.723191",0,"UI:Dashboard:game_activity_dashboard",919,1707245512,3,919,completed,"0.312",,,,,0,0,search1,,,,,,,,,,,,,,,,,,,
"admin__admin__search__search1_1707248200.106","search index=infra source=*cisco_ironport_web.log* url=""*.exe*"" OR url=""*.bat*""","GOEL-SearchHead","1707248200.669806",0,"UI:Dashboard:infra",4,1707248200,0,16,canceled,"0.756","1707159600.000000000","1707248200.000000000","1707159600.000000000","1707248200.000000000",0,0,search1,,,,,,,,,,,,,,,,,,,
"admin__admin__search__search2_1707248200.107","search index=infra source=*cisco_ironport_web.log* url=""*.exe*"" OR url=""*.bat*"" earliest=-24h|stats count by user","GOEL-SearchHead","1707248200.672233",0,"UI:Dashboard:infra",6,1707248200,2,42,completed,"0.9520000000000001","1707159600.000000000","1707248200.000000000","1707161800.000000000","1707248201.255503000",0,0,search2,,,,,,,,,,,,,,,,,,,
"admin__admin__search__search3_1707248200.108","search index=infra source=*cisco_ironport_mail.log*  earliest=-24h| transaction MID DCID ICID|search REJECT","GOEL-SearchHead","1707248200.687330",0,"UI:Dashboard:infra",52,1707248200,52,5781,canceled,"1.031","1707159600.000000000","1707248200.000000000","1707161800.000000000","1707248201.253553000",0,0,search3,,,,,,,,,,,,,,,,,,,
"admin__admin__search__search1_1707248201.109","search index=bcgames source=*dreamcrusher.xml* sourcetype=dreamcrusher_xml|stats sum(Infiltrators) AS sum_Infiltrators by AttackVessel","GOEL-SearchHead","1707248201.260559",0,"UI:Dashboard:game_activity_dashboard",919,1707248201,3,919,completed,"0.542",,,,,0,0,search1,,,,,,,,,,,,,,,,,,,
"admin__admin__search__search1_1707248201.110","search index=infra source=*cisco_ironport_web.log* url=""*.exe*"" OR url=""*.bat*""","GOEL-SearchHead","1707248201.505924",0,"UI:Dashboard:infra",6,1707248201,6,42,completed,"0.5660000000000001","1707159600.000000000","1707248201.000000000","1707159600.000000000","1707248201.000000000",0,0,search1,,,,,,,,,,,,,,,,,,,
"admin__admin__search__search3_1707248201.111","search index=infra source=*cisco_ironport_mail.log*  earliest=-24h| transaction MID DCID ICID|search REJECT","GOEL-SearchHead","1707248201.686584",0,"UI:Dashboard:infra",52,1707248201,52,5781,completed,"0.434","1707159600.000000000","1707248201.000000000","1707161801.000000000","1707248202.192008000",0,0,search3,,,,,,,,,,,,,,,,,,,
"1707248266.118","search index=* source=*access.log*","GOEL-SearchHead","1707248266.496210",0,"UI:Search",197345,1707248266,17663,197345,completed,"2.085",,,,,,,,,,,,,,,,,,,,,,,,,,
"1707249019.119","search index=* source=*access.log*","GOEL-SearchHead","1707249019.901915",0,"UI:Search",98457,1707249020,9779,98457,completed,"2.754",,,,,,,,,,,,,,,,,,,,,,,,,,
"1707249036.120","search index=* source=*access.log*","GOEL-SearchHead","1707249036.628247",0,"UI:Search",98461,1707249036,9783,98461,completed,"2.612",,,,,,,,,,,,,,,,,,,,,,,,,,
"1707249041.121","search index=* source=*access.log*","GOEL-SearchHead","1707249041.481829",0,"UI:Search",98461,1707249041,9722,98461,completed,"1.971",,,,,,,,,,,,,,,,,,,,,,,,,,
"1707249080.122","search index=* source=*access.log*|delete","GOEL-SearchHead","1707249080.057490",0,"UI:Search",98462,1707249080,5,98462,completed,"0.7020000000000001",,,,,,,,,,,,,,,,,,,,,,,,,,
"1707249156.124","search index=* source=*access.log*","GOEL-SearchHead","1707249156.169325",0,"UI:Search",98913,1707249156,7262,98913,completed,"2.152",,,,,,,,,,,,,,,,,,,,,,,,,,
"1707249165.125","search index=* source=*access.log*","GOEL-SearchHead","1707249165.908576",0,"UI:Search",98916,1707249165,7265,98916,completed,"1.55",,,,,,,,,,,,,,,,,,,,,,,,,,
"1707249174.126","search index=* source=*access.log* host=""GOEL-UF1""","GOEL-SearchHead","1707249174.005154",0,"UI:Search",98898,1707249174,7247,98898,completed,"1.7",,,,,,,,,,,,,,,,,,,,,,,,,,
"1707249190.127","search index=* source=*access.log* host=""GOEL-UF1""","GOEL-SearchHead","1707249190.553561",0,"UI:Search",98898,1707249190,7247,98898,completed,"1.667",,,,,,,,,,,,,,,,,,,,,,,,,,
"1707249195.128","search index=* source=*access.log* host=""GOEL-UF1""","GOEL-SearchHead","1707249195.214559",0,"UI:Search",98898,1707249195,7247,98898,completed,"1.569",,,,,,,,,,,,,,,,,,,,,,,,,,
"1707249209.129","search index=* source=*access.log* host=""GOEL-UF1""|delete","GOEL-SearchHead","1707249209.014625",0,"UI:Search",98898,1707249209,5,98898,completed,"0.662",,,,,,,,,,,,,,,,,,,,,,,,,,
"1707249217.131","search index=* source=*access.log* host=""GOEL-UF1""","GOEL-SearchHead","1707249217.735391",0,"UI:Search",0,1707249217,0,0,completed,"0.313",,,,,,,,,,,,,,,,,,,,,,,,,,
"1707249222.133","search index=* source=*access.log*","GOEL-SearchHead","1707249222.365799",0,"UI:Search",18,1707249222,18,18,completed,"0.133",,,,,,,,,,,,,,,,,,,,,,,,,,
"1707249235.134","search index=* source=*access.log*","GOEL-SearchHead","1707249235.216055",0,"UI:Search",18,1707249235,18,18,completed,"0.113","1706641200.000000000","1707249235.000000000","1706641200.000000000","1707249235.000000000",,,,,,,,,,,,,,,,,,,,,,
"1707249240.135","search index=* source=*access.log*","GOEL-SearchHead","1707249240.077441",0,"UI:Search",18,1707249240,18,18,completed,"0.294","1706641200.000000000","1707249240.000000000","1706641200.000000000","1707249240.000000000",,,,,,,,,,,,,,,,,,,,,,
"1707249275.136","search index=* source=*access.log*","GOEL-SearchHead","1707249275.841653",0,"UI:Search",18,1707249275,18,18,completed,"0.164","1706641200.000000000","1707249275.000000000","1706641200.000000000","1707249275.000000000",,,,,,,,,,,,,,,,,,,,,,
"1707249282.137","search index=* source=*access.log*","GOEL-SearchHead","1707249282.219677",0,"UI:Search",18,1707249282,18,18,completed,"0.195","1706641200.000000000","1707249282.000000000","1706641200.000000000","1707249282.000000000",,,,,,,,,,,,,,,,,,,,,,
"1707249284.138","search index=* source=*access.log*","GOEL-SearchHead","1707249284.960258",0,"UI:Search",18,1707249284,18,18,completed,"0.109","1706641200.000000000","1707249284.000000000","1706641200.000000000","1707249284.000000000",,,,,,,,,,,,,,,,,,,,,,
"1707249338.139","search index=* source=*access.log*","GOEL-SearchHead","1707249338.397457",0,"UI:Search",18,1707249338,18,18,completed,"0.168","1706641200.000000000","1707249338.000000000","1706641200.000000000","1707249338.000000000",,,,,,,,,,,,,,,,,,,,,,
"1707249341.140","search index=* source=*access.log*","GOEL-SearchHead","1707249341.417993",0,"UI:Search",18,1707249341,18,18,completed,"0.117","1706641200.000000000","1707249341.000000000","1706641200.000000000","1707249341.000000000",,,,,,,,,,,,,,,,,,,,,,
"1707249344.141","search index=* source=*access.log*","GOEL-SearchHead","1707249344.453352",0,"UI:Search",18,1707249344,18,18,completed,"0.11900000000000001","1706641200.000000000","1707249344.000000000","1706641200.000000000","1707249344.000000000",,,,,,,,,,,,,,,,,,,,,,
"1707249347.142","search index=* source=*access.log*","GOEL-SearchHead","1707249347.247822",0,"UI:Search",18,1707249347,18,18,completed,"0.113","1706641200.000000000","1707249347.000000000","1706641200.000000000","1707249347.000000000",,,,,,,,,,,,,,,,,,,,,,
"admin__admin__search__search1_1707249356.143","search index=bcgames source=*dreamcrusher.xml* sourcetype=dreamcrusher_xml|stats sum(Infiltrators) AS sum_Infiltrators by AttackVessel","GOEL-SearchHead","1707249356.852200",0,"UI:Dashboard:game_activity_dashboard",0,1707249356,0,0,completed,"0.265",,,,,0,0,search1,,,,,,,,,,,,,,,,,,,
"1707249387.144","search index=* source=*access.log*","GOEL-SearchHead","1707249387.292245",0,"UI:Search",18,1707249387,18,18,completed,"0.256","1706641200.000000000","1707249387.000000000","1706641200.000000000","1707249387.000000000",,,,,,,,,,,,,,,,,,,,,,
"1707249393.145","search index=* source=*access.log*","GOEL-SearchHead","1707249393.639781",0,"UI:Search",18,1707249393,18,18,completed,"0.253","1707159600.000000000","1707249393.000000000","1707159600.000000000","1707249393.000000000",,,,,,,,,,,,,,,,,,,,,,
"1707249397.146","search index=* source=*access.log*","GOEL-SearchHead","1707249397.185138",0,"UI:Search",18,1707249397,18,18,completed,"0.383","1707159600.000000000","1707249397.000000000","1707159600.000000000","1707249397.000000000",,,,,,,,,,,,,,,,,,,,,,
"1707249399.147","search index=* source=*access.log*","GOEL-SearchHead","1707249399.921773",0,"UI:Search",18,1707249399,18,18,completed,"0.123","1707159600.000000000","1707249399.000000000","1707159600.000000000","1707249399.000000000",,,,,,,,,,,,,,,,,,,,,,
"1707249417.148","search index=* source=*access.log* host=www2","GOEL-SearchHead","1707249417.078474",0,"UI:Search",18,1707249417,18,18,completed,"0.20700000000000002","1707159600.000000000","1707249417.000000000","1707159600.000000000","1707249417.000000000",,,,,,,,,,,,,,,,,,,,,,
"1707249443.170","search index=* per_host_thruput","GOEL-SearchHead","1707249443.097042",0,"UI:Search",0,1707249443,0,0,completed,"0.426","1707159600.000000000","1707249443.000000000","1707159600.000000000","1707249443.000000000",,,,,,,,,,,,,,,,,,,,,,
"1707249448.171","search index=_* per_host_thruput","GOEL-SearchHead","1707249448.449250",0,"UI:Search",20827,1707249448,1018,21233,completed,"1.079","1707159600.000000000","1707249448.000000000","1707159600.000000000","1707249448.000000000",,,,,,,,,,,,,,,,,,,,,,
"1707249456.172","search index=_* per_host_thruput","GOEL-SearchHead","1707249456.599406",0,"UI:Search",20836,1707249456,1018,21255,completed,"2.25","1707159600.000000000","1707249456.000000000","1707159600.000000000","1707249456.000000000",,,,,,,,,,,,,,,,,,,,,,
"1707249467.173","search index=_* per_host_thruput series=""goel-indexer2""","GOEL-SearchHead","1707249467.433658",0,"UI:Search",1633,1707249467,1633,3204,completed,"0.484","1707159600.000000000","1707249467.000000000","1707159600.000000000","1707249467.000000000",,,,,,,,,,,,,,,,,,,,,,
"1707249473.174","search index=_* per_host_thruput series=""www*""","GOEL-SearchHead","1707249473.568126",0,"UI:Search",12,1707249473,12,2238,completed,"0.244","1707159600.000000000","1707249473.000000000","1707159600.000000000","1707249473.000000000",,,,,,,,,,,,,,,,,,,,,,
"1707249504.178","search index=* host=www*","GOEL-SearchHead","1707249504.810213",0,"UI:Search",18,1707249504,18,18,completed,"0.129","1707159600.000000000","1707249504.000000000","1707159600.000000000","1707249504.000000000",,,,,,,,,,,,,,,,,,,,,,
"1707249514.179","search index=* host=www*","GOEL-SearchHead","1707249514.993371",0,"UI:Search",18,1707249515,18,18,completed,"0.195","1707159600.000000000","1707249514.000000000","1707159600.000000000","1707249514.000000000",,,,,,,,,,,,,,,,,,,,,,
"1707249517.180","search index=* host=www*","GOEL-SearchHead","1707249517.583351",0,"UI:Search",18,1707249517,18,18,completed,"0.318","1707159600.000000000","1707249517.000000000","1707159600.000000000","1707249517.000000000",,,,,,,,,,,,,,,,,,,,,,
"1707249519.181","search index=* host=www*","GOEL-SearchHead","1707249519.869670",0,"UI:Search",18,1707249519,18,18,completed,"0.124","1707159600.000000000","1707249519.000000000","1707159600.000000000","1707249519.000000000",,,,,,,,,,,,,,,,,,,,,,
"1707249550.188","search index=_* per_host_thruput series=www*","GOEL-SearchHead","1707249550.627248",0,"UI:Search",17,1707249550,17,2328,completed,"0.299","1707159600.000000000","1707249550.000000000","1707159600.000000000","1707249550.000000000",,,,,,,,,,,,,,,,,,,,,,
"1707249597.189","search index=_* per_host_thruput series=www*","GOEL-SearchHead","1707249597.081977",0,"UI:Search",22,1707249597,22,2080,completed,"0.432",,,,,,,,,,,,,,,,,,,,,,,,,,
"1707249612.191","search index=* host=www*","GOEL-SearchHead","1707249612.123407",0,"UI:Search",193556,1707249612,1000,193556,completed,"1.679",,,,,,,,,,,,,,,,,,,,,,,,,,
"1707250075.194","search index=* host=www* source=""/opt/log/www3/access.log""","GOEL-SearchHead","1707250075.764658",0,"UI:Search",127915,1707250075,13790,127915,completed,"3.1910000000000003",,,,,,,,,,,,,,,,,,,,,,,,,,
"1707250095.197","search index=infra host=www* source=""/opt/log/www*/access.log""","GOEL-SearchHead","1707250095.671042",0,"UI:Search",385403,1707250095,1496,385403,completed,"1.591",,,,,,,,,,,,,,,,,,,,,,,,,,
"1707250104.198","search index=infra host=www* source=""/opt/log/www*/access.log"" earliest=-24h","GOEL-SearchHead","1707250104.989404",0,"UI:Search",2041,1707250105,2041,2041,completed,"0.34900000000000003",,,"1707163704.000000000","1707250105.045263000",,,,,,,,,,,,,,,,,,,,,,
"1707250109.199","search index=infra host=www* source=""/opt/log/www*/access.log"" earliest=-24h","GOEL-SearchHead","1707250109.987676",0,"UI:Search",2041,1707250110,2041,2041,completed,"0.316","1707163200.000000000","1707250109.000000000","1707163709.000000000","1707250110.059530000",,,,,,,,,,,,,,,,,,,,,,
"admin__admin__search__search1_1707250118.200","search index=infra source=*cisco_ironport_web.log* url=""*.exe*"" OR url=""*.bat*""","GOEL-SearchHead","1707250118.991797",0,"UI:Dashboard:infra",6,1707250119,6,48,canceled,"0.136","1707163200.000000000","1707250118.000000000","1707163200.000000000","1707250118.000000000",0,0,search1,,,,,,,,,,,,,,,,,,,
"admin__admin__search__search2_1707250119.201","search index=infra source=*cisco_ironport_web.log* url=""*.exe*"" OR url=""*.bat*"" earliest=-24h|stats count by user","GOEL-SearchHead","1707250119.116987",0,"UI:Dashboard:infra",6,1707250119,2,48,completed,"0.399","1707163200.000000000","1707250119.000000000","1707163719.000000000","1707250119.431222000",0,0,search2,,,,,,,,,,,,,,,,,,,
"admin__admin__search__search3_1707250119.202","search index=infra source=*cisco_ironport_mail.log*  earliest=-24h| transaction MID DCID ICID|search REJECT","GOEL-SearchHead","1707250119.122850",0,"UI:Dashboard:infra",52,1707250119,52,5508,canceled,"0.326","1707163200.000000000","1707250119.000000000","1707163719.000000000","1707250119.419317000",0,0,search3,,,,,,,,,,,,,,,,,,,
"admin__admin__search__search1_1707250122.203","search index=infra source=*cisco_ironport_web.log* url=""*.exe*"" OR url=""*.bat*""","GOEL-SearchHead","1707250122.871367",0,"UI:Dashboard:infra",6,1707250122,6,48,completed,"0.121","1707163200.000000000","1707250122.000000000","1707163200.000000000","1707250122.000000000",0,0,search1,,,,,,,,,,,,,,,,,,,
"admin__admin__search__search3_1707250123.204","search index=infra source=*cisco_ironport_mail.log*  earliest=-24h| transaction MID DCID ICID|search REJECT","GOEL-SearchHead","1707250123.040433",0,"UI:Dashboard:infra",52,1707250123,52,5508,completed,"0.20700000000000002","1707163200.000000000","1707250123.000000000","1707163723.000000000","1707250123.092547000",0,0,search3,,,,,,,,,,,,,,,,,,,
"1707250144.205","search index=infra host=www* source=""/opt/log/www*/access.log"" earliest=-24h","GOEL-SearchHead","1707250144.548932",0,"UI:Search",2042,1707250144,2042,2042,completed,"0.386","1707163200.000000000","1707250144.000000000","1707163744.000000000","1707250144.612036000",,,,,,,,,,,,,,,,,,,,,,
"1707250541.3","search index=infra host=www* source=""/opt/log/www*/access.log"" earliest=-24h","GOEL-SearchHead","1707250541.816520",0,"UI:Search",2052,1707250541,2052,2052,completed,"0.928","1707249641.000000000","1707250541.000000000","1707164141.000000000","1707250541.888433000",,,,,,,,,,,,,,,,,,,,,,
"1707250551.4","search index=infra host=www* source=""/opt/log/www*/access.log"" earliest=-24h status=*","GOEL-SearchHead","1707250551.468505",0,"UI:Search",0,1707250551,0,2050,completed,"0.242","1707249651.000000000","1707250551.000000000","1707164151.000000000","1707250551.540333000",,,,,,,,,,,,,,,,,,,,,,
"1707250555.5","search index=infra host=www* source=""/opt/log/www*/access.log"" earliest=-24h status=*","GOEL-SearchHead","1707250555.542543",0,"UI:Search",0,1707250555,0,2048,completed,"0.151","1707163200.000000000","1707250555.000000000","1707164155.000000000","1707250555.659658000",,,,,,,,,,,,,,,,,,,,,,
"1707250655.2","search index=infra host=www* source=""/opt/log/www*/access.log"" earliest=-24h","GOEL-SearchHead","1707250655.206799",0,"UI:Search",2040,1707250655,2040,2040,completed,"0.578","1707163200.000000000","1707250655.000000000","1707164255.000000000","1707250655.366306000",,,,,,,,,,,,,,,,,,,,,,
"admin__admin__search__search1_1707250847.3","search index=infra source=*cisco_ironport_web.log* url=""*.exe*"" OR url=""*.bat*""","GOEL-SearchHead","1707250847.878704",0,"UI:Dashboard:infra",6,1707250848,6,44,canceled,"0.799","1707163200.000000000","1707250847.000000000","1707163200.000000000","1707250847.000000000",0,0,search1,,,,,,,,,,,,,,,,,,,
"admin__admin__search__search1_1707250851.5","search index=infra source=*cisco_ironport_web.log* url=""*.exe*"" OR url=""*.bat*""","GOEL-SearchHead","1707250851.880270",0,"UI:Dashboard:infra",6,1707250851,6,44,completed,"0.289","1707163200.000000000","1707250851.000000000","1707163200.000000000","1707250851.000000000",0,0,search1,,,,,,,,,,,,,,,,,,,
"admin__admin__search__search3_1707250852.6","search index=infra source=*cisco_ironport_mail.log*  earliest=-24h| transaction MID DCID ICID|search REJECT","GOEL-SearchHead","1707250852.114279",0,"UI:Dashboard:infra",53,1707250852,53,5491,completed,"0.338","1707163200.000000000","1707250852.000000000","1707164452.000000000","1707250852.197449000",0,0,search3,,,,,,,,,,,,,,,,,,,
"1707250855.7","search index=infra host=www* source=""/opt/log/www*/access.log"" earliest=-24h","GOEL-SearchHead","1707250855.935123",0,"UI:Search",2040,1707250855,2040,2040,completed,"0.391","1707163200.000000000","1707250855.000000000","1707164455.000000000","1707250855.999959000",,,,,,,,,,,,,,,,,,,,,,
"1707250862.9","search index=infra host=www* source=""/opt/log/www*/access.log"" earliest=-24h status=1000","GOEL-SearchHead","1707250862.598687",0,"UI:Search",7,1707250862,7,7,completed,"0.139","1707163200.000000000","1707250862.000000000","1707164462.000000000","1707250862.675427000",,,,,,,,,,,,,,,,,,,,,,
"1707250883.10","search index=infra host=www* source=""/opt/log/www*/access.log"" earliest=-24h status=1000","GOEL-SearchHead","1707250883.404579",0,"UI:Search",7,1707250883,7,7,completed,"0.15","1707247260.000000000","1707250883.000000000","1707164483.000000000","1707250883.485239000",,,,,,,,,,,,,,,,,,,,,,
"1707250897.11","search index=infra host=www* source=""/opt/log/www*/access.log""","GOEL-SearchHead","1707250897.355719",0,"UI:Search",116,1707250897,116,116,completed,"0.354","1707247260.000000000","1707250897.000000000","1707247260.000000000","1707250897.000000000",,,,,,,,,,,,,,,,,,,,,,
"1707250913.12","search index=infra host=www* source=""/opt/log/www*/access.log"" status>499","GOEL-SearchHead","1707250913.043597",0,"UI:Search",4,1707250913,4,116,completed,"0.185","1707247260.000000000","1707250913.000000000","1707247260.000000000","1707250913.000000000",,,,,,,,,,,,,,,,,,,,,,
"1707250942.13","search index=infra host=www* source=""/opt/log/www*/access.log"" status>399","GOEL-SearchHead","1707250942.789205",0,"UI:Search",10,1707250942,10,107,completed,"0.292","1707247320.000000000","1707250942.000000000","1707247320.000000000","1707250942.000000000",,,,,,,,,,,,,,,,,,,,,,
"1707250990.14","search index=infra host=www* source=""/opt/log/www*/access.log"" status>399|stats count by status host","GOEL-SearchHead","1707250990.995605",0,"UI:Search",9,1707250991,7,112,completed,"0.315","1707247380.000000000","1707250990.000000000","1707247380.000000000","1707250990.000000000",,,,,,,,,,,,,,,,,,,,,,
"1707250999.15","search index=infra host=www* source=""/opt/log/www*/access.log"" status>399 earliest=-24h|stats count by status host","GOEL-SearchHead","1707250999.204364",0,"UI:Search",246,1707250999,21,2044,completed,"0.307","1707247380.000000000","1707250999.000000000","1707164599.000000000","1707250999.256997000",,,,,,,,,,,,,,,,,,,,,,
"1707251016.17","search index=infra host=www* source=""/opt/log/www*/access.log"" status>399 earliest=-24h|stats count AS failures by status host","GOEL-SearchHead","1707251016.111050",0,"UI:Search",246,1707251016,21,2045,completed,"0.367","1707247380.000000000","1707251016.000000000","1707164616.000000000","1707251016.280205000",,,,,,,,,,,,,,,,,,,,,,
"admin__admin__search__search4_1707251045.18","search index=infra host=www* source=""/opt/log/www*/access.log"" status>399 earliest=-24h|stats count AS failures by status host","GOEL-SearchHead","1707251045.863818",0,"UI:Dashboard:infra",246,1707251045,21,2045,completed,"0.179","1707163200.000000000","1707251045.000000000","1707164645.000000000","1707251046.015787000",0,0,search4,,,,,,,,,,,,,,,,,,,
"admin__admin__search__search1_1707251075.19","search index=bcgames source=*dreamcrusher.xml* sourcetype=dreamcrusher_xml|stats sum(Infiltrators) AS sum_Infiltrators by AttackVessel","GOEL-SearchHead","1707251075.895697",0,"UI:Dashboard:game_activity_dashboard",0,1707251075,0,0,canceled,"0.146",,,,,0,0,search1,,,,,,,,,,,,,,,,,,,
"admin__admin__search__search1_1707251084.20","search index=bcgames source=*dreamcrusher.xml* sourcetype=dreamcrusher_xml|stats sum(Infiltrators) AS sum_Infiltrators by AttackVessel","GOEL-SearchHead","1707251084.337008",0,"UI:Dashboard:game_activity_dashboard",0,1707251084,0,0,completed,"0.133",,,,,0,0,search1,,,,,,,,,,,,,,,,,,,
"1707251102.21","search index=bcgames source=*dreamcrusher.xml* sourcetype=dreamcrusher_xml","GOEL-SearchHead","1707251102.679233",0,"UI:Search",0,1707251102,0,0,completed,"0.155",,,,,,,,,,,,,,,,,,,,,,,,,,
"1707251105.22","search index=bcgames source=*dreamcrusher.xml* sourcetype=dreamcrusher_xml","GOEL-SearchHead","1707251105.244624",0,"UI:Search",0,1707251105,0,0,completed,"0.117",,,,,,,,,,,,,,,,,,,,,,,,,,
"1707251113.23","search index=bcgames source=*dreamcrusher.xml* sourcetype=dreamcrusher_xml|stats sum(Infiltrators) AS sum_Infiltrators by AttackVessel","GOEL-SearchHead","1707251113.976276",0,"UI:Search",0,1707251113,0,0,completed,"0.14100000000000001",,,,,,,,,,,,,,,,,,,,,,,,,,
"1707251119.24","search index=bcgames source=*dreamcrusher.xml* sourcetype=dreamcrusher_xml|stats sum(Infiltrators) AS sum_Infiltrators by AttackVessel","GOEL-SearchHead","1707251119.310621",0,"UI:Search",0,1707251119,0,0,completed,"0.229",,,,,,,,,,,,,,,,,,,,,,,,,,
"1707251134.25","search index=bcgames source=*dreamcrusher.xml*","GOEL-SearchHead","1707251134.911815",0,"UI:Search",0,1707251134,0,0,completed,"0.153",,,,,,,,,,,,,,,,,,,,,,,,,,
"1707251142.26","search index=bcgames source=*dreamcrusher.xml*","GOEL-SearchHead","1707251142.688061",0,"UI:Search",0,1707251142,0,0,completed,"0.257","1706644800.000000000","1707251142.000000000","1706644800.000000000","1707251142.000000000",,,,,,,,,,,,,,,,,,,,,,
"admin__admin__search__search1_1707251292.27","search index=bcgames source=*dreamcrusher.xml* sourcetype=dreamcrusher_xml|stats sum(Infiltrators) AS sum_Infiltrators by AttackVessel","GOEL-SearchHead","1707251292.633155",0,"UI:Dashboard:game_activity_dashboard",0,1707251292,0,0,completed,"0.759",,,,,0,0,search1,,,,,,,,,,,,,,,,,,,
"admin__admin__search__search1_1707251387.28","search index=bcgames source=*dreamcrusher.xml* sourcetype=dreamcrusher_xml|stats sum(Infiltrators) AS sum_Infiltrators by AttackVessel","GOEL-SearchHead","1707251387.605357",0,"UI:Dashboard:game_activity_dashboard",919,1707251387,3,919,completed,"0.41500000000000004",,,,,0,0,search1,,,,,,,,,,,,,,,,,,,
"1707251512.29","search index=bcgames source=*dreamcrusher.xml* sourcetype=dreamcrusher_xml|stats sum(Infiltrators) AS sum_Infiltrators by AttackVessel","GOEL-SearchHead","1707251512.170306",0,"UI:Search",919,1707251512,3,919,completed,"0.455",,,,,,,,,,,,,,,,,,,,,,,,,,
